word,pos,grapheme,phoneme_real,total_freq
邪,1,邪,a0,2904894
邪写,1,邪,a0,3931
邪写,2,写,t,3931
邪卸,1,邪,a0,5141
邪卸,2,卸,sh,5141
邪泄,1,邪,a0,6249
邪泄,2,泄,j,6249
邪泻褌,1,邪,a0,11793
邪泻褌,2,泻,k,11793
邪泻褌,3,褌,t,11793
邪谢褜,1,邪,a0,2016
邪谢褜,2,谢,l',2016
邪谢褜,3,褜,-,2016
邪薪,1,邪,a0,1714
邪薪,2,薪,n,1714
邪褏,1,邪,a0,47071
邪褏,2,褏,h,47071
斜邪,1,斜,b,1613
斜邪,2,邪,a0,1613
斜邪斜,1,斜,b,3427
斜邪斜,2,邪,a0,3427
斜邪斜,3,斜,p,3427
斜邪谢,1,斜,b,4435
斜邪谢,2,邪,a0,4435
斜邪谢,3,谢,l,4435
斜邪薪泻,1,斜,b,10583
斜邪薪泻,2,邪,a0,10583
斜邪薪泻,3,薪,n,10583
斜邪薪泻,4,泻,k,10583
斜邪褋,1,斜,b,2117
斜邪褋,2,邪,a0,2117
斜邪褋,3,褋,s,2117
斜械谐,1,斜,b',3931
斜械谐,2,械,e0,3931
斜械谐,3,谐,k,3931
斜械写,1,斜,b',2217
斜械写,2,械,e0,2217
斜械写,3,写,t,2217
斜械蟹,1,斜,b',396122
斜械蟹,2,械,e0,396122
斜械蟹,3,蟹,s,396122
斜械泄,1,斜,b',2621
斜械泄,2,械,e0,2621
斜械泄,3,泄,j,2621
斜械泄谢褜,1,斜,b',1613
斜械泄谢褜,2,械,e0,1613
斜械泄谢褜,3,泄,j,1613
斜械泄谢褜,4,谢,l',1613
斜械泄谢褜,5,褜,-,1613
斜械褋,1,斜,b',2721
斜械褋,2,械,e0,2721
斜械褋,3,褋,s,2721
斜懈谢,1,斜,b',5846
斜懈谢,2,懈,i0,5846
斜懈谢,3,谢,l,5846
斜懈褌褜,1,斜,b',10583
斜懈褌褜,2,懈,i0,10583
斜懈褌褜,3,褌,t',10583
斜懈褌褜,4,褜,-,10583
斜谢邪谐,1,斜,b,2923
斜谢邪谐,2,谢,l,2923
斜谢邪谐,3,邪,a0,2923
斜谢邪谐,4,谐,k,2923
斜谢械褋泻,1,斜,b,4737
斜谢械褋泻,2,谢,l',4737
斜谢械褋泻,3,械,e0,4737
斜谢械褋泻,4,褋,s,4737
斜谢械褋泻,5,泻,k,4737
斜谢懈蟹,1,斜,b,11995
斜谢懈蟹,2,谢,l',11995
斜谢懈蟹,3,懈,i0,11995
斜谢懈蟹,4,蟹,s,11995
斜谢芯泻,1,斜,b,6855
斜谢芯泻,2,谢,l,6855
斜谢芯泻,3,芯,o0,6855
斜谢芯泻,4,泻,k,6855
斜芯,1,斜,b,1512
斜芯,2,芯,o0,1512
斜芯斜,1,斜,b,1613
斜芯斜,2,芯,o0,1613
斜芯斜,3,斜,p,1613
斜芯谐,1,斜,b,76201
斜芯谐,2,芯,o0,76201
斜芯谐,3,谐,h,76201
斜芯写褉,1,斜,b,1814
斜芯写褉,2,芯,o0,1814
斜芯写褉,3,写,d,1814
斜芯写褉,4,褉,r,1814
斜芯泄,1,斜,b,15724
斜芯泄,2,芯,o0,15724
斜芯泄,3,泄,j,15724
斜芯泻,1,斜,b,7459
斜芯泻,2,芯,o0,7459
斜芯泻,3,泻,k,7459
斜芯谢褜,1,斜,b,16430
斜芯谢褜,2,芯,o0,16430
斜芯谢褜,3,谢,l',16430
斜芯谢褜,4,褜,-,16430
斜芯屑斜,1,斜,b,1814
斜芯屑斜,2,芯,o0,1814
斜芯屑斜,3,屑,m,1814
斜芯屑斜,4,斜,p,1814
斜芯褉,1,斜,b,1915
斜芯褉,2,芯,o0,1915
斜芯褉,3,褉,r,1915
斜芯褉褌,1,斜,b,5342
斜芯褉褌,2,芯,o0,5342
斜芯褉褌,3,褉,r,5342
斜芯褉褌,4,褌,t,5342
斜褉邪泻,1,斜,b,7862
斜褉邪泻,2,褉,r,7862
斜褉邪泻,3,邪,a0,7862
斜褉邪泻,4,泻,k,7862
斜褉邪谢,1,斜,b,9374
斜褉邪谢,2,褉,r,9374
斜褉邪谢,3,邪,a0,9374
斜褉邪谢,4,谢,l,9374
斜褉邪褌,1,斜,b,45357
斜褉邪褌,2,褉,r,45357
斜褉邪褌,3,邪,a0,45357
斜褉邪褌,4,褌,t,45357
斜褉邪褌褜,1,斜,b,16329
斜褉邪褌褜,2,褉,r,16329
斜褉邪褌褜,3,邪,a0,16329
斜褉邪褌褜,4,褌,t',16329
斜褉邪褌褜,5,褜,-,16329
斜褉械写,1,斜,b,3225
斜褉械写,2,褉,r',3225
斜褉械写,3,械,e0,3225
斜褉械写,4,写,t,3225
斜褉芯胁褜,1,斜,b,1512
斜褉芯胁褜,2,褉,r,1512
斜褉芯胁褜,3,芯,o0,1512
斜褉芯胁褜,4,胁,f',1512
斜褉芯胁褜,5,褜,-,1512
斜褉芯褋褜,1,斜,b,3931
斜褉芯褋褜,2,褉,r,3931
斜褉芯褋褜,3,芯,o0,3931
斜褉芯褋褜,4,褋,s',3931
斜褉芯褋褜,5,褜,-,3931
斜褍写褜,1,斜,b,23485
斜褍写褜,2,褍,u0,23485
斜褍写褜,3,写,t',23485
斜褍写褜,4,褜,-,23485
斜褍泻胁,1,斜,b,2822
斜褍泻胁,2,褍,u0,2822
斜褍泻胁,3,泻,k,2822
斜褍泻胁,4,胁,f,2822
斜褍薪褌,1,斜,b,2117
斜褍薪褌,2,褍,u0,2117
斜褍薪褌,3,薪,n,2117
斜褍薪褌,4,褌,t,2117
斜褘,1,斜,b,979721
斜褘,2,褘,y0,979721
斜褘胁,1,斜,b,2117
斜褘胁,2,褘,y0,2117
斜褘胁,3,胁,f,2117
斜褘泻,1,斜,b,2117
斜褘泻,2,褘,y0,2117
斜褘泻,3,泻,k,2117
斜褘谢,1,斜,b,889913
斜褘谢,2,褘,y0,889913
斜褘谢,3,谢,l,889913
斜褘褌,1,斜,b,5443
斜褘褌,2,褘,y0,5443
斜褘褌,3,褌,t,5443
斜褘褌褜,1,斜,b,518385
斜褘褌褜,2,褘,y0,518385
斜褘褌褜,3,褌,t',518385
斜褘褌褜,4,褜,-,518385
斜褜褞褌,1,斜,b',5443
斜褜褞褌,2,褜,-,5443
斜褜褞褌,3,褞,ju0,5443
斜褜褞褌,4,褌,t,5443
斜褜褢褌,1,斜,b',5645
斜褜褢褌,2,褜,-,5645
斜褜褢褌,3,褢,jo0,5645
斜褜褢褌,4,褌,t,5645
胁邪泄褋,1,胁,v,2016
胁邪泄褋,2,邪,a0,2016
胁邪泄褋,3,泄,j,2016
胁邪泄褋,4,褋,s,2016
胁邪谢褜褋,1,胁,v,1714
胁邪谢褜褋,2,邪,a0,1714
胁邪谢褜褋,3,谢,l',1714
胁邪谢褜褋,4,褜,-,1714
胁邪谢褜褋,5,褋,s,1714
胁邪屑,1,胁,v,236262
胁邪屑,2,邪,a0,236262
胁邪屑,3,屑,m,236262
胁邪薪,1,胁,v,2419
胁邪薪,2,邪,a0,2419
胁邪薪,3,薪,n,2419
胁邪褋,1,胁,v,254809
胁邪褋,2,邪,a0,254809
胁邪褋,3,褋,s,254809
胁邪褕,1,胁,v,33565
胁邪褕,2,邪,a0,33565
胁邪褕,3,褕,sh,33565
胁斜芯泻,1,胁,v,1814
胁斜芯泻,2,斜,b,1814
胁斜芯泻,3,芯,o0,1814
胁斜芯泻,4,泻,k,1814
胁胁械褉褏,1,胁,v,28222
胁胁械褉褏,2,胁,v',28222
胁胁械褉褏,3,械,e0,28222
胁胁械褉褏,4,褉,r,28222
胁胁械褉褏,5,褏,h,28222
胁胁褢谢,1,胁,v,3729
胁胁褢谢,2,胁,v',3729
胁胁褢谢,3,褢,o0,3729
胁胁褢谢,4,谢,l,3729
胁谐谢褍斜褜,1,胁,v,1714
胁谐谢褍斜褜,2,谐,g,1714
胁谐谢褍斜褜,3,谢,l,1714
胁谐谢褍斜褜,4,褍,u0,1714
胁谐谢褍斜褜,5,斜,p',1714
胁谐谢褍斜褜,6,褜,-,1714
胁写邪谢褜,1,胁,v,3427
胁写邪谢褜,2,写,d,3427
胁写邪谢褜,3,邪,a0,3427
胁写邪谢褜,4,谢,l',3427
胁写邪谢褜,5,褜,-,3427
胁写芯谢褜,1,胁,v,30843
胁写芯谢褜,2,写,d,30843
胁写芯谢褜,3,芯,o0,30843
胁写芯谢褜,4,谢,l',30843
胁写芯谢褜,5,褜,-,30843
胁写褉褍谐,1,胁,v,188788
胁写褉褍谐,2,写,d,188788
胁写褉褍谐,3,褉,r,188788
胁写褉褍谐,4,褍,u0,188788
胁写褉褍谐,5,谐,k,188788
胁械写褜,1,胁,v',247652
胁械写褜,2,械,e0,247652
胁械写褜,3,写,t',247652
胁械写褜,4,褜,-,247652
胁械泻,1,胁,v',14514
胁械泻,2,械,e0,14514
胁械泻,3,泻,k,14514
胁械褉褏,1,胁,v',6955
胁械褉褏,2,械,e0,6955
胁械褉褏,3,褉,r,6955
胁械褉褏,4,褏,h,6955
胁械褉褜,1,胁,v',2419
胁械褉褜,2,械,e0,2419
胁械褉褜,3,褉,r',2419
胁械褉褜,4,褜,-,2419
胁械褋,1,胁,v',8164
胁械褋,2,械,e0,8164
胁械褋,3,褋,s,8164
胁械褋褌褜,1,胁,v',5040
胁械褋褌褜,2,械,e0,5040
胁械褋褌褜,3,褋,s',5040
胁械褋褌褜,4,褌,t',5040
胁械褋褌褜,5,褜,-,5040
胁械褋褜,1,胁,v',136174
胁械褋褜,2,械,e0,136174
胁械褋褜,3,褋,s',136174
胁械褋褜,4,褜,-,136174
胁械褖褜,1,胁,v',21267
胁械褖褜,2,械,e0,21267
胁械褖褜,3,褖,sc,21267
胁械褖褜,4,褜,-,21267
胁蟹邪写,1,胁,v,3427
胁蟹邪写,2,蟹,z,3427
胁蟹邪写,3,邪,a0,3427
胁蟹邪写,4,写,t,3427
胁蟹胁芯写,1,胁,v,1814
胁蟹胁芯写,2,蟹,z,1814
胁蟹胁芯写,3,胁,v,1814
胁蟹胁芯写,4,芯,o0,1814
胁蟹胁芯写,5,写,t,1814
胁蟹谐谢褟写,1,胁,v,46265
胁蟹谐谢褟写,2,蟹,z,46265
胁蟹谐谢褟写,3,谐,g,46265
胁蟹谐谢褟写,4,谢,l',46265
胁蟹谐谢褟写,5,褟,a0,46265
胁蟹谐谢褟写,6,写,t,46265
胁蟹写芯褉,1,胁,v,6451
胁蟹写芯褉,2,蟹,z,6451
胁蟹写芯褉,3,写,d,6451
胁蟹写芯褉,4,芯,o0,6451
胁蟹写芯褉,5,褉,r,6451
胁蟹芯褉,1,胁,v,5342
胁蟹芯褉,2,蟹,z,5342
胁蟹芯褉,3,芯,o0,5342
胁蟹芯褉,4,褉,r,5342
胁蟹褉褘胁,1,胁,v,5947
胁蟹褉褘胁,2,蟹,z,5947
胁蟹褉褘胁,3,褉,r,5947
胁蟹褉褘胁,4,褘,y0,5947
胁蟹褉褘胁,5,胁,f,5947
胁蟹褟胁,1,胁,v,9273
胁蟹褟胁,2,蟹,z',9273
胁蟹褟胁,3,褟,a0,9273
胁蟹褟胁,4,胁,f,9273
胁蟹褟谢,1,胁,v,54328
胁蟹褟谢,2,蟹,z',54328
胁蟹褟谢,3,褟,a0,54328
胁蟹褟谢,4,谢,l,54328
胁蟹褟褌,1,胁,v,4637
胁蟹褟褌,2,蟹,z',4637
胁蟹褟褌,3,褟,a0,4637
胁蟹褟褌,4,褌,t,4637
胁蟹褟褌褜,1,胁,v,47071
胁蟹褟褌褜,2,蟹,z',47071
胁蟹褟褌褜,3,褟,a0,47071
胁蟹褟褌褜,4,褌,t',47071
胁蟹褟褌褜,5,褜,-,47071
胁懈写,1,胁,v',54631
胁懈写,2,懈,i0,54631
胁懈写,3,写,t,54631
胁懈蟹谐,1,胁,v',1714
胁懈蟹谐,2,懈,i0,1714
胁懈蟹谐,3,蟹,z,1714
胁懈蟹谐,4,谐,k,1714
胁懈薪,1,胁,v',1915
胁懈薪,2,懈,i0,1915
胁懈薪,3,薪,n,1915
胁懈褕褜,1,胁,v',3931
胁懈褕褜,2,懈,i0,3931
胁懈褕褜,3,褕,sh,3931
胁懈褕褜,4,褜,-,3931
胁泻谢邪写,1,胁,f,2621
胁泻谢邪写,2,泻,k,2621
胁泻谢邪写,3,谢,l,2621
胁泻谢邪写,4,邪,a0,2621
胁泻谢邪写,5,写,t,2621
胁泻褍褋,1,胁,f,9374
胁泻褍褋,2,泻,k,9374
胁泻褍褋,3,褍,u0,9374
胁泻褍褋,4,褋,s,9374
胁谢邪褋褌褜,1,胁,v,45559
胁谢邪褋褌褜,2,谢,l,45559
胁谢邪褋褌褜,3,邪,a0,45559
胁谢邪褋褌褜,4,褋,s',45559
胁谢邪褋褌褜,5,褌,t',45559
胁谢邪褋褌褜,6,褜,-,45559
胁谢械蟹,1,胁,v,2217
胁谢械蟹,2,谢,l',2217
胁谢械蟹,3,械,e0,2217
胁谢械蟹,4,蟹,s,2217
胁薪械,1,胁,v,25098
胁薪械,2,薪,n',25098
胁薪械,3,械,e0,25098
胁薪懈蟹,1,胁,v,35984
胁薪懈蟹,2,薪,n',35984
胁薪懈蟹,3,懈,i0,35984
胁薪懈蟹,4,蟹,s,35984
胁薪芯胁褜,1,胁,v,46265
胁薪芯胁褜,2,薪,n,46265
胁薪芯胁褜,3,芯,o0,46265
胁薪芯胁褜,4,胁,f',46265
胁薪芯胁褜,5,褜,-,46265
胁薪褍泻,1,胁,v,2822
胁薪褍泻,2,薪,n,2822
胁薪褍泻,3,褍,u0,2822
胁薪褍泻,4,泻,k,2822
胁薪褍褌褉褜,1,胁,v,8265
胁薪褍褌褉褜,2,薪,n,8265
胁薪褍褌褉褜,3,褍,u0,8265
胁薪褍褌褉褜,4,褌,t,8265
胁薪褍褌褉褜,5,褉,r',8265
胁薪褍褌褉褜,6,褜,-,8265
胁薪褢褋,1,胁,v,3326
胁薪褢褋,2,薪,n',3326
胁薪褢褋,3,褢,o0,3326
胁薪褢褋,4,褋,s,3326
胁芯,1,胁,v,541770
胁芯,2,芯,o0,541770
胁芯写,1,胁,v,4536
胁芯写,2,芯,o0,4536
胁芯写,3,写,t,4536
胁芯卸写褜,1,胁,v,2822
胁芯卸写褜,2,芯,o0,2822
胁芯卸写褜,3,卸,zh,2822
胁芯卸写褜,4,写,t',2822
胁芯卸写褜,5,褜,-,2822
胁芯蟹,1,胁,v,1512
胁芯蟹,2,芯,o0,1512
胁芯蟹,3,蟹,s,1512
胁芯泄,1,胁,v,1714
胁芯泄,2,芯,o0,1714
胁芯泄,3,泄,j,1714
胁芯泄薪,1,胁,v,4536
胁芯泄薪,2,芯,o0,4536
胁芯泄薪,3,泄,j,4536
胁芯泄薪,4,薪,n,4536
胁芯泄褋泻,1,胁,v,23183
胁芯泄褋泻,2,芯,o0,23183
胁芯泄褋泻,3,泄,j,23183
胁芯泄褋泻,4,褋,s,23183
胁芯泄褋泻,5,泻,k,23183
胁芯谢泻,1,胁,v,5342
胁芯谢泻,2,芯,o0,5342
胁芯谢泻,3,谢,l,5342
胁芯谢泻,4,泻,k,5342
胁芯谢薪,1,胁,v,6249
胁芯谢薪,2,芯,o0,6249
胁芯谢薪,3,谢,l,6249
胁芯谢薪,4,薪,n,6249
胁芯薪,1,胁,v,35581
胁芯薪,2,芯,o0,35581
胁芯薪,3,薪,n,35581
胁芯锌谢褜,1,胁,v,1915
胁芯锌谢褜,2,芯,o0,1915
胁芯锌谢褜,3,锌,p,1915
胁芯锌谢褜,4,谢,l',1915
胁芯锌谢褜,5,褜,-,1915
胁芯褉,1,胁,v,3528
胁芯褉,2,芯,o0,3528
胁芯褉,3,褉,r,3528
胁芯褌,1,胁,v,629561
胁芯褌,2,芯,o0,629561
胁芯褌,3,褌,t,629561
胁锌邪谢,1,胁,f,1915
胁锌邪谢,2,锌,p,1915
胁锌邪谢,3,邪,a0,1915
胁锌邪谢,4,谢,l,1915
胁锌谢芯褌褜,1,胁,f,10281
胁锌谢芯褌褜,2,锌,p,10281
胁锌谢芯褌褜,3,谢,l,10281
胁锌谢芯褌褜,4,芯,o0,10281
胁锌谢芯褌褜,5,褌,t',10281
胁锌谢芯褌褜,6,褜,-,10281
胁锌褉械写褜,1,胁,f,6048
胁锌褉械写褜,2,锌,p,6048
胁锌褉械写褜,3,褉,r',6048
胁锌褉械写褜,4,械,e0,6048
胁锌褉械写褜,5,写,t',6048
胁锌褉械写褜,6,褜,-,6048
胁锌褉褟屑褜,1,胁,f,5040
胁锌褉褟屑褜,2,锌,p,5040
胁锌褉褟屑褜,3,褉,r',5040
胁锌褉褟屑褜,4,褟,a0,5040
胁锌褉褟屑褜,5,屑,m',5040
胁锌褉褟屑褜,6,褜,-,5040
胁褉邪谐,1,胁,v,8668
胁褉邪谐,2,褉,r,8668
胁褉邪谐,3,邪,a0,8668
胁褉邪谐,4,谐,k,8668
胁褉邪蟹,1,胁,v,2318
胁褉邪蟹,2,褉,r,2318
胁褉邪蟹,3,邪,a0,2318
胁褉邪蟹,4,蟹,s,2318
胁褉邪褌褜,1,胁,v,3326
胁褉邪褌褜,2,褉,r,3326
胁褉邪褌褜,3,邪,a0,3326
胁褉邪褌褜,4,褌,t',3326
胁褉邪褌褜,5,褜,-,3326
胁褉邪褔,1,胁,v,15220
胁褉邪褔,2,褉,r,15220
胁褉邪褔,3,邪,a0,15220
胁褉邪褔,4,褔,ch,15220
胁褉械写,1,胁,v,4939
胁褉械写,2,褉,r',4939
胁褉械写,3,械,e0,4939
胁褉械写,4,写,t,4939
胁褉褟写,1,胁,v,19856
胁褉褟写,2,褉,r',19856
胁褉褟写,3,褟,a0,19856
胁褉褟写,4,写,t,19856
胁褉褢褌,1,胁,v,3326
胁褉褢褌,2,褉,r',3326
胁褉褢褌,3,褢,o0,3326
胁褉褢褌,4,褌,t,3326
胁褉褢褕褜,1,胁,v,4133
胁褉褢褕褜,2,褉,r',4133
胁褉褢褕褜,3,褢,o0,4133
胁褉褢褕褜,4,褕,sh,4133
胁褉褢褕褜,5,褜,-,4133
胁褋械,1,胁,f,617163
胁褋械,2,褋,s',617163
胁褋械,3,械,e0,617163
胁褋械泄,1,胁,f,90916
胁褋械泄,2,褋,s',90916
胁褋械泄,3,械,e0,90916
胁褋械泄,4,泄,j,90916
胁褋械屑,1,胁,f,138088
胁褋械屑,2,褋,s',138088
胁褋械屑,3,械,e0,138088
胁褋械屑,4,屑,m,138088
胁褋械褏,1,胁,f,314680
胁褋械褏,2,褋,s',314680
胁褋械褏,3,械,e0,314680
胁褋械褏,4,褏,h,314680
胁褋谢械写,1,胁,f,26811
胁褋谢械写,2,褋,s,26811
胁褋谢械写,3,谢,l',26811
胁褋谢械写,4,械,e0,26811
胁褋谢械写,5,写,t,26811
胁褋谢褍褏,1,胁,f,15119
胁褋谢褍褏,2,褋,s,15119
胁褋谢褍褏,3,谢,l,15119
胁褋谢褍褏,4,褍,u0,15119
胁褋谢褍褏,5,褏,h,15119
胁褋褌邪胁,1,胁,f,2117
胁褋褌邪胁,2,褋,s,2117
胁褋褌邪胁,3,褌,t,2117
胁褋褌邪胁,4,邪,a0,2117
胁褋褌邪胁,5,胁,f,2117
胁褋褌邪谢,1,胁,f,31145
胁褋褌邪谢,2,褋,s,31145
胁褋褌邪谢,3,褌,t,31145
胁褋褌邪谢,4,邪,a0,31145
胁褋褌邪谢,5,谢,l,31145
胁褋褌邪褌褜,1,胁,f,10079
胁褋褌邪褌褜,2,褋,s,10079
胁褋褌邪褌褜,3,褌,t,10079
胁褋褌邪褌褜,4,邪,a0,10079
胁褋褌邪褌褜,5,褌,t',10079
胁褋褌邪褌褜,6,褜,-,10079
胁褋褌褉械褔,1,胁,f,3729
胁褋褌褉械褔,2,褋,s,3729
胁褋褌褉械褔,3,褌,t,3729
胁褋褌褉械褔,4,褉,r',3729
胁褋褌褉械褔,5,械,e0,3729
胁褋褌褉械褔,6,褔,ch,3729
胁褋褞,1,胁,f,126195
胁褋褞,2,褋,s',126195
胁褋褞,3,褞,u0,126195
胁褋褟,1,胁,f,98376
胁褋褟,2,褋,s',98376
胁褋褟,3,褟,a0,98376
胁褋褟泻,1,胁,f,1613
胁褋褟泻,2,褋,s',1613
胁褋褟泻,3,褟,a0,1613
胁褋褟泻,4,泻,k,1613
胁褋褢,1,胁,f,1128392
胁褋褢,2,褋,s',1128392
胁褋褢,3,褢,o0,1128392
胁褋褢屑,1,胁,f,42636
胁褋褢屑,2,褋,s',42636
胁褋褢屑,3,褢,o0,42636
胁褋褢屑,4,屑,m,42636
胁褏芯写,1,胁,f,7257
胁褏芯写,2,褏,h,7257
胁褏芯写,3,芯,o0,7257
胁褏芯写,4,写,t,7257
胁褘,1,胁,v,640649
胁褘,2,褘,y0,640649
胁褢谢,1,胁,v',17034
胁褢谢,2,褢,o0,17034
胁褢谢,3,谢,l,17034
胁褢褉褋褌,1,胁,v',21368
胁褢褉褋褌,2,褢,o0,21368
胁褢褉褋褌,3,褉,r,21368
胁褢褉褋褌,4,褋,s,21368
胁褢褉褋褌,5,褌,t,21368
谐邪写,1,谐,g,1613
谐邪写,2,邪,a0,1613
谐邪写,3,写,t,1613
谐邪蟹,1,谐,g,7660
谐邪蟹,2,邪,a0,7660
谐邪蟹,3,蟹,s,7660
谐胁芯蟹写褜,1,谐,g,1915
谐胁芯蟹写褜,2,胁,v,1915
谐胁芯蟹写褜,3,芯,o0,1915
谐胁芯蟹写褜,4,蟹,z',1915
谐胁芯蟹写褜,5,写,t',1915
谐胁芯蟹写褜,6,褜,-,1915
谐写械,1,谐,g,431601
谐写械,2,写,d',431601
谐写械,3,械,e0,431601
谐械薪,1,谐,g',1613
谐械薪,2,械,e0,1613
谐械薪,3,薪,n,1613
谐械褉斜,1,谐,g',1512
谐械褉斜,2,械,e0,1512
谐械褉斜,3,褉,r,1512
谐械褉斜,4,斜,p,1512
谐谢邪胁,1,谐,g,2117
谐谢邪胁,2,谢,l,2117
谐谢邪胁,3,邪,a0,2117
谐谢邪胁,4,胁,f,2117
谐谢邪蟹,1,谐,g,53320
谐谢邪蟹,2,谢,l,53320
谐谢邪蟹,3,邪,a0,53320
谐谢邪蟹,4,蟹,s,53320
谐谢械斜,1,谐,g,4133
谐谢械斜,2,谢,l',4133
谐谢械斜,3,械,e0,4133
谐谢械斜,4,斜,p,4133
谐谢褍斜褜,1,谐,g,3125
谐谢褍斜褜,2,谢,l,3125
谐谢褍斜褜,3,褍,u0,3125
谐谢褍斜褜,4,斜,p',3125
谐谢褍斜褜,5,褜,-,3125
谐谢褍锌,1,谐,g,2923
谐谢褍锌,2,谢,l,2923
谐谢褍锌,3,褍,u0,2923
谐谢褍锌,4,锌,p,2923
谐薪邪谢,1,谐,g,1814
谐薪邪谢,2,薪,n,1814
谐薪邪谢,3,邪,a0,1814
谐薪邪谢,4,谢,l,1814
谐薪邪褌褜,1,谐,g,2217
谐薪邪褌褜,2,薪,n,2217
谐薪邪褌褜,3,邪,a0,2217
谐薪邪褌褜,4,褌,t',2217
谐薪邪褌褜,5,褜,-,2217
谐薪械胁,1,谐,g,7055
谐薪械胁,2,薪,n',7055
谐薪械胁,3,械,e0,7055
谐薪械胁,4,胁,f,7055
谐芯写,1,谐,g,106439
谐芯写,2,芯,o0,106439
谐芯写,3,写,t,106439
谐芯褉,1,谐,g,13305
谐芯褉,2,芯,o0,13305
谐芯褉,3,褉,r,13305
谐芯褉褋褌褜,1,谐,g,1512
谐芯褉褋褌褜,2,芯,o0,1512
谐芯褉褋褌褜,3,褉,r,1512
谐芯褉褋褌褜,4,褋,s',1512
谐芯褉褋褌褜,5,褌,t',1512
谐芯褉褋褌褜,6,褜,-,1512
谐芯褋褌褜,1,谐,g,10079
谐芯褋褌褜,2,芯,o0,10079
谐芯褋褌褜,3,褋,s',10079
谐芯褋褌褜,4,褌,t',10079
谐芯褋褌褜,5,褜,-,10079
谐褉邪写,1,谐,g,1915
谐褉邪写,2,褉,r,1915
谐褉邪写,3,邪,a0,1915
谐褉邪写,4,写,t,1915
谐褉邪薪褜,1,谐,g,1714
谐褉邪薪褜,2,褉,r,1714
谐褉邪薪褜,3,邪,a0,1714
谐褉邪薪褜,4,薪,n',1714
谐褉邪薪褜,5,褜,-,1714
谐褉邪褎,1,谐,g,26307
谐褉邪褎,2,褉,r,26307
谐褉邪褎,3,邪,a0,26307
谐褉邪褎,4,褎,f,26307
谐褉械褏,1,谐,g,14313
谐褉械褏,2,褉,r',14313
谐褉械褏,3,械,e0,14313
谐褉械褏,4,褏,h,14313
谐褉芯斜,1,谐,g,7660
谐褉芯斜,2,褉,r,7660
谐褉芯斜,3,芯,o0,7660
谐褉芯斜,4,斜,p,7660
谐褉芯屑,1,谐,g,4536
谐褉芯屑,2,褉,r,4536
谐褉芯屑,3,芯,o0,4536
谐褉芯屑,4,屑,m,4536
谐褉褍写褜,1,谐,g,24493
谐褉褍写褜,2,褉,r,24493
谐褉褍写褜,3,褍,u0,24493
谐褉褍写褜,4,写,t',24493
谐褉褍写褜,5,褜,-,24493
谐褉褍蟹,1,谐,g,2117
谐褉褍蟹,2,褉,r,2117
谐褉褍蟹,3,褍,u0,2117
谐褉褍蟹,4,蟹,s,2117
谐褉褍锌锌,1,谐,g,11188
谐褉褍锌锌,2,褉,r,11188
谐褉褍锌锌,3,褍,u0,11188
谐褉褍锌锌,4,锌,p,11188
谐褉褍锌锌,5,锌,-,11188
谐褉褍褋褌褜,1,谐,g,2621
谐褉褍褋褌褜,2,褉,r,2621
谐褉褍褋褌褜,3,褍,u0,2621
谐褉褍褋褌褜,4,褋,s',2621
谐褉褍褋褌褜,5,褌,t',2621
谐褉褍褋褌褜,6,褜,-,2621
谐褉褟蟹褜,1,谐,g,11289
谐褉褟蟹褜,2,褉,r',11289
谐褉褟蟹褜,3,褟,a0,11289
谐褉褟蟹褜,4,蟹,s',11289
谐褉褟蟹褜,5,褜,-,11289
谐褍斜,1,谐,g,5443
谐褍斜,2,褍,u0,5443
谐褍斜,3,斜,p,5443
谐褍谢,1,谐,g,6552
谐褍谢,2,褍,u0,6552
谐褍谢,3,谢,l,6552
谐褍褋褜,1,谐,g,1512
谐褍褋褜,2,褍,u0,1512
谐褍褋褜,3,褋,s',1512
谐褍褋褜,4,褜,-,1512
写邪,1,写,d,675524
写邪,2,邪,a0,675524
写邪胁,1,写,d,3225
写邪胁,2,邪,a0,3225
写邪胁,3,胁,f,3225
写邪泄,1,写,d,26207
写邪泄,2,邪,a0,26207
写邪泄,3,泄,j,26207
写邪泻,1,写,d,1613
写邪泻,2,邪,a0,1613
写邪泻,3,泻,k,1613
写邪谢,1,写,d,48885
写邪谢,2,邪,a0,48885
写邪谢,3,谢,l,48885
写邪谢褜,1,写,d,5544
写邪谢褜,2,邪,a0,5544
写邪谢褜,3,谢,l',5544
写邪谢褜,4,褜,-,5544
写邪屑,1,写,d,15019
写邪屑,2,邪,a0,15019
写邪屑,3,屑,m,15019
写邪薪,1,写,d,3931
写邪薪,2,邪,a0,3931
写邪薪,3,薪,n,3931
写邪薪褜,1,写,d,2520
写邪薪褜,2,邪,a0,2520
写邪薪褜,3,薪,n',2520
写邪薪褜,4,褜,-,2520
写邪褉,1,写,d,7559
写邪褉,2,邪,a0,7559
写邪褉,3,褉,r,7559
写邪褋褌,1,写,d,14414
写邪褋褌,2,邪,a0,14414
写邪褋褌,3,褋,s,14414
写邪褋褌,4,褌,t,14414
写邪褌褜,1,写,d,59872
写邪褌褜,2,邪,a0,59872
写邪褌褜,3,褌,t',59872
写邪褌褜,4,褜,-,59872
写邪褕褜,1,写,d,2419
写邪褕褜,2,邪,a0,2419
写邪褕褜,3,褕,sh,2419
写邪褕褜,4,褜,-,2419
写胁邪,1,写,d,257631
写胁邪,2,胁,v,257631
写胁邪,3,邪,a0,257631
写胁械,1,写,d,117023
写胁械,2,胁,v',117023
写胁械,3,械,e0,117023
写胁械褉褜,1,写,d,75092
写胁械褉褜,2,胁,v',75092
写胁械褉褜,3,械,e0,75092
写胁械褉褜,4,褉,r',75092
写胁械褉褜,5,褜,-,75092
写胁芯褉,1,写,d,29028
写胁芯褉,2,胁,v,29028
写胁芯褉,3,芯,o0,29028
写胁芯褉,4,褉,r,29028
写胁褍屑,1,写,d,6552
写胁褍屑,2,胁,v,6552
写胁褍屑,3,褍,u0,6552
写胁褍屑,4,屑,m,6552
写胁褍褏,1,写,d,103920
写胁褍褏,2,胁,v,103920
写胁褍褏,3,褍,u0,103920
写胁褍褏,4,褏,h,103920
写械,1,写,d',25098
写械,2,械,e0,25098
写械写,1,写,d',17034
写械写,2,械,e0,17034
写械写,3,写,t,17034
写械谢,1,写,d',41426
写械谢,2,械,e0,41426
写械谢,3,谢,l,41426
写械薪褜,1,写,d',267508
写械薪褜,2,械,e0,267508
写械薪褜,3,薪,n',267508
写械薪褜,4,褜,-,267508
写卸芯薪,1,写,d,3729
写卸芯薪,2,卸,zh,3729
写卸芯薪,3,芯,o0,3729
写卸芯薪,4,薪,n,3729
写谢褟,1,写,d,1184333
写谢褟,2,谢,l',1184333
写谢褟,3,褟,a0,1184333
写薪邪,1,写,d,7862
写薪邪,2,薪,n,7862
写薪邪,3,邪,a0,7862
写薪械,1,写,d',12902
写薪械,2,薪,n',12902
写薪械,3,械,e0,12902
写薪械泄,1,写,d',70959
写薪械泄,2,薪,n',70959
写薪械泄,3,械,e0,70959
写薪械泄,4,泄,j,70959
写薪懈,1,写,d',64911
写薪懈,2,薪,n',64911
写薪懈,3,懈,i0,64911
写薪芯,1,写,d,7963
写薪芯,2,薪,n,7963
写薪芯,3,芯,o0,7963
写薪芯屑,1,写,d,2923
写薪芯屑,2,薪,n,2923
写薪芯屑,3,芯,o0,2923
写薪芯屑,4,屑,m,2923
写薪褍,1,写,d,2520
写薪褍,2,薪,n,2520
写薪褍,3,褍,u0,2520
写薪褞,1,写,d',4536
写薪褞,2,薪,n',4536
写薪褞,3,褞,u0,4536
写薪褟,1,写,d',123372
写薪褟,2,薪,n',123372
写薪褟,3,褟,a0,123372
写薪褟屑,1,写,d',2621
写薪褟屑,2,薪,n',2621
写薪褟屑,3,褟,a0,2621
写薪褟屑,4,屑,m,2621
写薪褟褏,1,写,d',18647
写薪褟褏,2,薪,n',18647
写薪褟褏,3,褟,a0,18647
写薪褟褏,4,褏,h,18647
写薪褢屑,1,写,d',38907
写薪褢屑,2,薪,n',38907
写薪褢屑,3,褢,o0,38907
写薪褢屑,4,屑,m,38907
写芯,1,写,d,802726
写芯,2,芯,o0,802726
写芯斜褉,1,写,d,2117
写芯斜褉,2,芯,o0,2117
写芯斜褉,3,斜,b,2117
写芯斜褉,4,褉,r,2117
写芯卸写褜,1,写,d,22881
写芯卸写褜,2,芯,o0,22881
写芯卸写褜,3,卸,zh,22881
写芯卸写褜,4,写,t',22881
写芯卸写褜,5,褜,-,22881
写芯谢谐,1,写,d,13507
写芯谢谐,2,芯,o0,13507
写芯谢谐,3,谢,l,13507
写芯谢谐,4,谐,k,13507
写芯屑,1,写,d,94847
写芯屑,2,芯,o0,94847
写芯屑,3,屑,m,94847
写芯薪,1,写,d,3931
写芯薪,2,芯,o0,3931
写芯薪,3,薪,n,3931
写芯褔褜,1,写,d,39511
写芯褔褜,2,芯,o0,39511
写芯褔褜,3,褔,ch,39511
写芯褔褜,4,褜,-,39511
写褉芯胁,1,写,d,2923
写褉芯胁,2,褉,r,2923
写褉芯胁,3,芯,o0,2923
写褉芯胁,4,胁,f,2923
写褉芯卸褜,1,写,d,1915
写褉芯卸褜,2,褉,r,1915
写褉芯卸褜,3,芯,o0,1915
写褉芯卸褜,4,卸,sh,1915
写褉芯卸褜,5,褜,-,1915
写褉褍谐,1,写,d,129622
写褉褍谐,2,褉,r,129622
写褉褍谐,3,褍,u0,129622
写褉褍谐,4,谐,k,129622
写褉褟薪褜,1,写,d,3830
写褉褟薪褜,2,褉,r',3830
写褉褟薪褜,3,褟,a0,3830
写褉褟薪褜,4,薪,n',3830
写褉褟薪褜,5,褜,-,3830
写褍斜,1,写,d,1613
写褍斜,2,褍,u0,1613
写褍斜,3,斜,p,1613
写褍谢,1,写,d,2923
写褍谢,2,褍,u0,2923
写褍谢,3,谢,l,2923
写褍屑,1,写,d,1915
写褍屑,2,褍,u0,1915
写褍屑,3,屑,m,1915
写褍褏,1,写,d,26408
写褍褏,2,褍,u0,26408
写褍褏,3,褏,h,26408
写褍褕,1,写,d,9676
写褍褕,2,褍,u0,9676
写褍褕,3,褕,sh,9676
写褘屑,1,写,d,10180
写褘屑,2,褘,y0,10180
写褘屑,3,屑,m,10180
械,1,械,je0,1915
械泄,1,械,je0,256521
械泄,2,泄,j,256521
械谢,1,械,je0,8164
械谢,2,谢,l,8164
械屑,1,械,je0,1814
械屑,2,屑,m,1814
械褋褌,1,械,je0,3931
械褋褌,2,褋,s,3931
械褋褌,3,褌,t,3931
械褋褌褜,1,械,je0,528061
械褋褌褜,2,褋,s',528061
械褋褌褜,3,褌,t',528061
械褋褌褜,4,褜,-,528061
卸邪谢褜,1,卸,zh,26307
卸邪谢褜,2,邪,a0,26307
卸邪谢褜,3,谢,l',26307
卸邪谢褜,4,褜,-,26307
卸邪薪,1,卸,zh,2419
卸邪薪,2,邪,a0,2419
卸邪薪,3,薪,n,2419
卸邪薪褉,1,卸,zh,2117
卸邪薪褉,2,邪,a0,2117
卸邪薪褉,3,薪,n,2117
卸邪薪褉,4,褉,r,2117
卸邪褉,1,卸,zh,3326
卸邪褉,2,邪,a0,3326
卸邪褉,3,褉,r,3326
卸谐谢懈,1,卸,zh,1814
卸谐谢懈,2,谐,g,1814
卸谐谢懈,3,谢,l',1814
卸谐谢懈,4,懈,i0,1814
卸写邪谢,1,卸,zh,20663
卸写邪谢,2,写,d,20663
卸写邪谢,3,邪,a0,20663
卸写邪谢,4,谢,l,20663
卸写邪褌褜,1,卸,zh,22477
卸写邪褌褜,2,写,d,22477
卸写邪褌褜,3,邪,a0,22477
卸写邪褌褜,4,褌,t',22477
卸写邪褌褜,5,褜,-,22477
卸写械褌,1,卸,zh,10785
卸写械褌,2,写,d',10785
卸写械褌,3,械,e0,10785
卸写械褌,4,褌,t,10785
卸写懈,1,卸,zh,1814
卸写懈,2,写,d',1814
卸写懈,3,懈,i0,1814
卸写褍,1,卸,zh,8064
卸写褍,2,写,d,8064
卸写褍,3,褍,u0,8064
卸写褍褌,1,卸,zh,8467
卸写褍褌,2,写,d,8467
卸写褍褌,3,褍,u0,8467
卸写褍褌,4,褌,t,8467
卸写褢屑,1,卸,zh,2217
卸写褢屑,2,写,d',2217
卸写褢屑,3,褢,o0,2217
卸写褢屑,4,屑,m,2217
卸写褢褌,1,卸,zh,7156
卸写褢褌,2,写,d',7156
卸写褢褌,3,褢,o0,7156
卸写褢褌,4,褌,t,7156
卸械,1,卸,zh,1378362
卸械,2,械,e0,1378362
卸械褉褌胁,1,卸,zh,3528
卸械褉褌胁,2,械,e0,3528
卸械褉褌胁,3,褉,r,3528
卸械褉褌胁,4,褌,t,3528
卸械褉褌胁,5,胁,f,3528
卸械褋褌,1,卸,zh,4938
卸械褋褌,2,械,e0,4938
卸械褋褌,3,褋,s,4938
卸械褋褌,4,褌,t,4938
卸械褔褜,1,卸,zh,2217
卸械褔褜,2,械,e0,2217
卸械褔褜,3,褔,ch,2217
卸械褔褜,4,褜,-,2217
卸懈胁,1,卸,zh,12398
卸懈胁,2,懈,y0,12398
卸懈胁,3,胁,f,12398
卸懈蟹薪褜,1,卸,zh,225376
卸懈蟹薪褜,2,懈,y0,225376
卸懈蟹薪褜,3,蟹,z',225376
卸懈蟹薪褜,4,薪,n',225376
卸懈蟹薪褜,5,褜,-,225376
卸懈谢,1,卸,zh,37999
卸懈谢,2,懈,y0,37999
卸懈谢,3,谢,l,37999
卸懈褌褜,1,卸,zh,84264
卸懈褌褜,2,懈,y0,84264
卸懈褌褜,3,褌,t',84264
卸懈褌褜,4,褜,-,84264
卸芯褉卸,1,卸,zh,2318
卸芯褉卸,2,芯,o0,2318
卸芯褉卸,3,褉,r,2318
卸芯褉卸,4,卸,sh,2318
卸褍泻,1,卸,zh,1613
卸褍泻,2,褍,u0,1613
卸褍泻,3,泻,k,1613
卸褢薪,1,卸,zh,4838
卸褢薪,2,褢,o0,4838
卸褢薪,3,薪,n,4838
蟹邪,1,蟹,z,1562110
蟹邪,2,邪,a0,1562110
蟹邪谢,1,蟹,z,18042
蟹邪谢,2,邪,a0,18042
蟹邪谢,3,谢,l,18042
蟹胁邪谢,1,蟹,z,5141
蟹胁邪谢,2,胁,v,5141
蟹胁邪谢,3,邪,a0,5141
蟹胁邪谢,4,谢,l,5141
蟹胁邪褌褜,1,蟹,z,5443
蟹胁邪褌褜,2,胁,v,5443
蟹胁邪褌褜,3,邪,a0,5443
蟹胁邪褌褜,4,褌,t',5443
蟹胁邪褌褜,5,褜,-,5443
蟹胁械褉褜,1,蟹,z,7862
蟹胁械褉褜,2,胁,v',7862
蟹胁械褉褜,3,械,e0,7862
蟹胁械褉褜,4,褉,r',7862
蟹胁械褉褜,5,褜,-,7862
蟹胁芯薪,1,蟹,z,7056
蟹胁芯薪,2,胁,v,7056
蟹胁芯薪,3,芯,o0,7056
蟹胁芯薪,4,薪,n,7056
蟹胁褍泻,1,蟹,z,15321
蟹胁褍泻,2,胁,v,15321
蟹胁褍泻,3,褍,u0,15321
蟹胁褍泻,4,泻,k,15321
蟹胁褢蟹写,1,蟹,z,7459
蟹胁褢蟹写,2,胁,v',7459
蟹胁褢蟹写,3,褢,o0,7459
蟹胁褢蟹写,4,蟹,z,7459
蟹胁褢蟹写,5,写,t,7459
蟹写械褋褜,1,蟹,z',326876
蟹写械褋褜,2,写,d',326876
蟹写械褋褜,3,械,e0,326876
蟹写械褋褜,4,褋,s',326876
蟹写械褋褜,5,褜,-,326876
蟹谢邪,1,蟹,z,12095
蟹谢邪,2,谢,l,12095
蟹谢邪,3,邪,a0,12095
蟹谢芯,1,蟹,z,16631
蟹谢芯,2,谢,l,16631
蟹谢芯,3,芯,o0,16631
蟹谢芯泄,1,蟹,z,6048
蟹谢芯泄,2,谢,l,6048
蟹谢芯泄,3,芯,o0,6048
蟹谢芯泄,4,泄,j,6048
蟹谢芯屑,1,蟹,z,2217
蟹谢芯屑,2,谢,l,2217
蟹谢芯屑,3,芯,o0,2217
蟹谢芯屑,4,屑,m,2217
蟹谢褍,1,蟹,z,2217
蟹谢褍,2,谢,l,2217
蟹谢褍,3,褍,u0,2217
蟹谢褘屑,1,蟹,z,1512
蟹谢褘屑,2,谢,l,1512
蟹谢褘屑,3,褘,y0,1512
蟹谢褘屑,4,屑,m,1512
蟹屑械泄,1,蟹,z,1915
蟹屑械泄,2,屑,m',1915
蟹屑械泄,3,械,e0,1915
蟹屑械泄,4,泄,j,1915
蟹薪邪泄,1,蟹,z,4737
蟹薪邪泄,2,薪,n,4737
蟹薪邪泄,3,邪,a0,4737
蟹薪邪泄,4,泄,j,4737
蟹薪邪泻,1,蟹,z,16027
蟹薪邪泻,2,薪,n,16027
蟹薪邪泻,3,邪,a0,16027
蟹薪邪泻,4,泻,k,16027
蟹薪邪谢,1,蟹,z,93234
蟹薪邪谢,2,薪,n,93234
蟹薪邪谢,3,邪,a0,93234
蟹薪邪谢,4,谢,l,93234
蟹薪邪褌褜,1,蟹,z,61283
蟹薪邪褌褜,2,薪,n,61283
蟹薪邪褌褜,3,邪,a0,61283
蟹薪邪褌褜,4,褌,t',61283
蟹薪邪褌褜,5,褜,-,61283
蟹芯薪,1,蟹,z,1714
蟹芯薪,2,芯,o0,1714
蟹芯薪,3,薪,n,1714
蟹褉褟,1,蟹,z,14313
蟹褉褟,2,褉,r',14313
蟹褉褟,3,褟,a0,14313
蟹褍斜,1,蟹,z,4435
蟹褍斜,2,褍,u0,4435
蟹褍斜,3,斜,p,4435
蟹褟褌褜,1,蟹,z',3427
蟹褟褌褜,2,褟,a0,3427
蟹褟褌褜,3,褌,t',3427
蟹褟褌褜,4,褜,-,3427
懈,1,懈,i0,14926127
懈谐褉,1,懈,i0,3125
懈谐褉,2,谐,g,3125
懈谐褉,3,褉,r,3125
懈蟹,1,懈,i0,1666937
懈蟹,2,蟹,s,1666937
懈蟹斜,1,懈,i0,1512
懈蟹斜,2,蟹,s,1512
懈蟹斜,3,斜,p,1512
懈谢褜,1,懈,i0,3629
懈谢褜,2,谢,l',3629
懈谢褜,3,褜,-,3629
懈屑,1,懈,i0,254304
懈屑,2,屑,m,254304
懈褏,1,懈,i0,814923
懈褏,2,褏,h,814923
懈褕褜,1,懈,i0,6955
懈褕褜,2,褕,sh,6955
懈褕褜,3,褜,-,6955
泻邪,1,泻,k,25299
泻邪,2,邪,a0,25299
泻邪蟹薪褜,1,泻,k,4032
泻邪蟹薪褜,2,邪,a0,4032
泻邪蟹薪褜,3,蟹,z',4032
泻邪蟹薪褜,4,薪,n',4032
泻邪蟹薪褜,5,褜,-,4032
泻邪泻,1,泻,k,2477625
泻邪泻,2,邪,a0,2477625
泻邪泻,3,泻,k,2477625
泻邪薪褌,1,泻,k,2117
泻邪薪褌,2,邪,a0,2117
泻邪薪褌,3,薪,n,2117
泻邪薪褌,4,褌,t,2117
泻邪褉谢,1,泻,k,5141
泻邪褉谢,2,邪,a0,5141
泻邪褉谢,3,褉,r,5141
泻邪褉谢,4,谢,l,5141
泻邪褉褌,1,泻,k,2721
泻邪褉褌,2,邪,a0,2721
泻邪褉褌,3,褉,r,2721
泻邪褉褌,4,褌,t,2721
泻械屑,1,泻,k',27013
泻械屑,2,械,e0,27013
泻械屑,3,屑,m,27013
泻谢邪褋褋,1,泻,k,14514
泻谢邪褋褋,2,谢,l,14514
泻谢邪褋褋,3,邪,a0,14514
泻谢邪褋褋,4,褋,s,14514
泻谢邪褋褋,5,褋,-,14514
泻谢邪褋褌褜,1,泻,k,1814
泻谢邪褋褌褜,2,谢,l,1814
泻谢邪褋褌褜,3,邪,a0,1814
泻谢邪褋褌褜,4,褋,s',1814
泻谢邪褋褌褜,5,褌,t',1814
泻谢邪褋褌褜,6,褜,-,1814
泻谢懈屑,1,泻,k,3225
泻谢懈屑,2,谢,l',3225
泻谢懈屑,3,懈,i0,3225
泻谢懈屑,4,屑,m,3225
泻谢褍斜,1,泻,k,8467
泻谢褍斜,2,谢,l,8467
泻谢褍斜,3,褍,u0,8467
泻谢褍斜,4,斜,p,8467
泻谢褞褔,1,泻,k,11490
泻谢褞褔,2,谢,l',11490
泻谢褞褔,3,褞,u0,11490
泻谢褞褔,4,褔,ch,11490
泻薪懈谐,1,泻,k,24191
泻薪懈谐,2,薪,n',24191
泻薪懈谐,3,懈,i0,24191
泻薪懈谐,4,谐,k,24191
泻薪褟蟹褜,1,泻,k,61888
泻薪褟蟹褜,2,薪,n',61888
泻薪褟蟹褜,3,褟,a0,61888
泻薪褟蟹褜,4,蟹,s',61888
泻薪褟蟹褜,5,褜,-,61888
泻芯,1,泻,k,121256
泻芯,2,芯,o0,121256
泻芯谢褜,1,泻,k,5443
泻芯谢褜,2,芯,o0,5443
泻芯谢褜,3,谢,l',5443
泻芯谢褜,4,褜,-,5443
泻芯屑,1,泻,k,2621
泻芯屑,2,芯,o0,2621
泻芯屑,3,屑,m,2621
泻芯薪褜,1,泻,k,7761
泻芯薪褜,2,芯,o0,7761
泻芯薪褜,3,薪,n',7761
泻芯薪褜,4,褜,-,7761
泻芯褋褌褜,1,泻,k,5040
泻芯褋褌褜,2,芯,o0,5040
泻芯褋褌褜,3,褋,s',5040
泻芯褋褌褜,4,褌,t',5040
泻芯褋褌褜,5,褜,-,5040
泻芯褌,1,泻,k,4334
泻芯褌,2,芯,o0,4334
泻芯褌,3,褌,t,4334
泻褉邪泄,1,泻,k,15320
泻褉邪泄,2,褉,r,15320
泻褉邪泄,3,邪,a0,15320
泻褉邪泄,4,泄,j,15320
泻褉邪薪,1,泻,k,1512
泻褉邪薪,2,褉,r,1512
泻褉邪薪,3,邪,a0,1512
泻褉邪薪,4,薪,n,1512
泻褉械屑谢褜,1,泻,k,4435
泻褉械屑谢褜,2,褉,r',4435
泻褉械屑谢褜,3,械,e0,4435
泻褉械屑谢褜,4,屑,m,4435
泻褉械屑谢褜,5,谢,l',4435
泻褉械屑谢褜,6,褜,-,4435
泻褉械褋褌,1,泻,k,11894
泻褉械褋褌,2,褉,r',11894
泻褉械褋褌,3,械,e0,11894
泻褉械褋褌,4,褋,s,11894
泻褉械褋褌,5,褌,t,11894
泻褉懈泻,1,泻,k,14212
泻褉懈泻,2,褉,r',14212
泻褉懈泻,3,懈,i0,14212
泻褉懈泻,4,泻,k,14212
泻褉芯胁褜,1,泻,k,33161
泻褉芯胁褜,2,褉,r,33161
泻褉芯胁褜,3,芯,o0,33161
泻褉芯胁褜,4,胁,f',33161
泻褉芯胁褜,5,褜,-,33161
泻褉褍谐,1,泻,k,17639
泻褉褍谐,2,褉,r,17639
泻褉褍谐,3,褍,u0,17639
泻褉褍谐,4,谐,k,17639
泻褉褘屑,1,泻,k,3931
泻褉褘屑,2,褉,r,3931
泻褉褘屑,3,褘,y0,3931
泻褉褘屑,4,屑,m,3931
泻褉褘褕,1,泻,k,1613
泻褉褘褕,2,褉,r,1613
泻褉褘褕,3,褘,y0,1613
泻褉褘褕,4,褕,sh,1613
泻褌芯,1,泻,k,305810
泻褌芯,2,褌,t,305810
泻褌芯,3,芯,o0,305810
泻褍褉,1,泻,k,1512
泻褍褉,2,褍,u0,1512
泻褍褉,3,褉,r,1512
泻褍褉褋,1,泻,k,13809
泻褍褉褋,2,褍,u0,13809
泻褍褉褋,3,褉,r,13809
泻褍褉褋,4,褋,s,13809
泻褍褋褌,1,泻,k,1512
泻褍褋褌,2,褍,u0,1512
泻褍褋褌,3,褋,s,1512
泻褍褋褌,4,褌,t,1512
谢邪,1,谢,l,1613
谢邪,2,邪,a0,1613
谢邪写,1,谢,l,4233
谢邪写,2,邪,a0,4233
谢邪写,3,写,t,4233
谢斜邪,1,谢,l,3024
谢斜邪,2,斜,b,3024
谢斜邪,3,邪,a0,3024
谢斜芯屑,1,谢,l,2721
谢斜芯屑,2,斜,b,2721
谢斜芯屑,3,芯,o0,2721
谢斜芯屑,4,屑,m,2721
谢斜褍,1,谢,l,7963
谢斜褍,2,斜,b,7963
谢斜褍,3,褍,u0,7963
谢谐邪褌褜,1,谢,l,1814
谢谐邪褌褜,2,谐,g,1814
谢谐邪褌褜,3,邪,a0,1814
谢谐邪褌褜,4,褌,t',1814
谢谐邪褌褜,5,褜,-,1814
谢械胁,1,谢,l',12397
谢械胁,2,械,e0,12397
谢械胁,3,胁,f,12397
谢械写,1,谢,l',5241
谢械写,2,械,e0,5241
谢械写,3,写,t,5241
谢械蟹褌褜,1,谢,l',2721
谢械蟹褌褜,2,械,e0,2721
谢械蟹褌褜,3,蟹,s',2721
谢械蟹褌褜,4,褌,t',2721
谢械蟹褌褜,5,褜,-,2721
谢械薪褜,1,谢,l',4334
谢械薪褜,2,械,e0,4334
谢械薪褜,3,薪,n',4334
谢械薪褜,4,褜,-,4334
谢械褋,1,谢,l',31649
谢械褋,2,械,e0,31649
谢械褋,3,褋,s,31649
谢械褌,1,谢,l',268213
谢械褌,2,械,e0,268213
谢械褌,3,褌,t,268213
谢械褔褜,1,谢,l',4334
谢械褔褜,2,械,e0,4334
谢械褔褜,3,褔,ch,4334
谢械褔褜,4,褜,-,4334
谢卸懈,1,谢,l,4838
谢卸懈,2,卸,zh,4838
谢卸懈,3,懈,y0,4838
谢懈,1,谢,l',463654
谢懈,2,懈,i0,463654
谢懈泻,1,谢,l',2217
谢懈泻,2,懈,i0,2217
谢懈泻,3,泻,k,2217
谢懈褋褌,1,谢,l',12196
谢懈褋褌,2,懈,i0,12196
谢懈褋褌,3,褋,s,12196
谢懈褋褌,4,褌,t,12196
谢懈褑,1,谢,l',32557
谢懈褑,2,懈,i0,32557
谢懈褑,3,褑,c,32557
谢懈褕褜,1,谢,l',183143
谢懈褕褜,2,懈,i0,183143
谢懈褕褜,3,褕,sh,183143
谢懈褕褜,4,褜,-,183143
谢芯斜,1,谢,l,13204
谢芯斜,2,芯,o0,13204
谢芯斜,3,斜,p,13204
谢芯卸褜,1,谢,l,8164
谢芯卸褜,2,芯,o0,8164
谢芯卸褜,3,卸,sh,8164
谢芯卸褜,4,褜,-,8164
谢芯褉写,1,谢,l,2318
谢芯褉写,2,芯,o0,2318
谢芯褉写,3,褉,r,2318
谢芯褉写,4,写,t,2318
谢褍褔,1,谢,l,5544
谢褍褔,2,褍,u0,5544
谢褍褔,3,褔,ch,5544
谢褜胁邪,1,谢,l',5141
谢褜胁邪,2,褜,-,5141
谢褜胁邪,3,胁,v,5141
谢褜胁邪,4,邪,a0,5141
谢褜胁芯胁,1,谢,l',2318
谢褜胁芯胁,2,褜,-,2318
谢褜胁芯胁,3,胁,v,2318
谢褜胁芯胁,4,芯,o0,2318
谢褜胁芯胁,5,胁,f,2318
谢褜写邪,1,谢,l',4838
谢褜写邪,2,褜,-,4838
谢褜写邪,3,写,d,4838
谢褜写邪,4,邪,a0,4838
谢褜写芯屑,1,谢,l',3225
谢褜写芯屑,2,褜,-,3225
谢褜写芯屑,3,写,d,3225
谢褜写芯屑,4,芯,o0,3225
谢褜写芯屑,5,屑,m,3225
谢褜写褍,1,谢,l',4738
谢褜写褍,2,褜,-,4738
谢褜写褍,3,写,d,4738
谢褜写褍,4,褍,u0,4738
谢褜薪邪,1,谢,l',2016
谢褜薪邪,2,褜,-,2016
谢褜薪邪,3,薪,n,2016
谢褜薪邪,4,邪,a0,2016
谢褞泻,1,谢,l',2217
谢褞泻,2,褞,u0,2217
谢褞泻,3,泻,k,2217
谢褢谐,1,谢,l',10079
谢褢谐,2,褢,o0,10079
谢褢谐,3,谐,k,10079
谢褢写,1,谢,l',4032
谢褢写,2,褢,o0,4032
谢褢写,3,写,t,4032
屑邪泄,1,屑,m,1714
屑邪泄,2,邪,a0,1714
屑邪泄,3,泄,j,1714
屑邪泻褋,1,屑,m,2721
屑邪泻褋,2,邪,a0,2721
屑邪泻褋,3,泻,k,2721
屑邪泻褋,4,褋,s,2721
屑邪谢,1,屑,m,2117
屑邪谢,2,邪,a0,2117
屑邪谢,3,谢,l,2117
屑邪褉泻,1,屑,m,6350
屑邪褉泻,2,邪,a0,6350
屑邪褉泻,3,褉,r,6350
屑邪褉泻,4,泻,k,6350
屑邪褉泻褋,1,屑,m,3225
屑邪褉泻褋,2,邪,a0,3225
屑邪褉泻褋,3,褉,r,3225
屑邪褉泻褋,4,泻,k,3225
屑邪褉泻褋,5,褋,s,3225
屑邪褉褕,1,屑,m,4032
屑邪褉褕,2,邪,a0,4032
屑邪褉褕,3,褉,r,4032
屑邪褉褕,4,褕,sh,4032
屑邪褋褋,1,屑,m,7660
屑邪褋褋,2,邪,a0,7660
屑邪褋褋,3,褋,s,7660
屑邪褋褋,4,褋,-,7660
屑邪褌褜,1,屑,m,91421
屑邪褌褜,2,邪,a0,91421
屑邪褌褜,3,褌,t',91421
屑邪褌褜,4,褜,-,91421
屑械卸,1,屑,m',8668
屑械卸,2,械,e0,8668
屑械卸,3,卸,sh,8668
屑械褉,1,屑,m',7862
屑械褉,2,械,e0,7862
屑械褉,3,褉,r,7862
屑械褉褌胁,1,屑,m',1814
屑械褉褌胁,2,械,e0,1814
屑械褉褌胁,3,褉,r,1814
屑械褉褌胁,4,褌,t,1814
屑械褉褌胁,5,胁,f,1814
屑械褋褌,1,屑,m',21368
屑械褋褌,2,械,e0,21368
屑械褋褌,3,褋,s,21368
屑械褋褌,4,褌,t,21368
屑械褋褌褜,1,屑,m',2419
屑械褋褌褜,2,械,e0,2419
屑械褋褌褜,3,褋,s',2419
屑械褋褌褜,4,褌,t',2419
屑械褋褌褜,5,褜,-,2419
屑械褔,1,屑,m',4938
屑械褔,2,械,e0,4938
屑械褔,3,褔,ch,4938
屑懈谐,1,屑,m',11289
屑懈谐,2,懈,i0,11289
屑懈谐,3,谐,k,11289
屑懈谢,1,屑,m',2721
屑懈谢,2,懈,i0,2721
屑懈谢,3,谢,l,2721
屑懈谢褜,1,屑,m',3528
屑懈谢褜,2,懈,i0,3528
屑懈谢褜,3,谢,l',3528
屑懈谢褜,4,褜,-,3528
屑懈褉,1,屑,m',83760
屑懈褉,2,懈,i0,83760
屑懈褉,3,褉,r,83760
屑懈褋褋,1,屑,m',2117
屑懈褋褋,2,懈,i0,2117
屑懈褋褋,3,褋,s,2117
屑懈褋褋,4,褋,-,2117
屑懈褎,1,屑,m',2117
屑懈褎,2,懈,i0,2117
屑懈褎,3,褎,f,2117
屑薪械,1,屑,m,908257
屑薪械,2,薪,n',908257
屑薪械,3,械,e0,908257
屑薪芯泄,1,屑,m,77612
屑薪芯泄,2,薪,n,77612
屑薪芯泄,3,芯,o0,77612
屑薪芯泄,4,泄,j,77612
屑芯谐,1,屑,m,162783
屑芯谐,2,芯,o0,162783
屑芯谐,3,谐,k,162783
屑芯蟹谐,1,屑,m,7963
屑芯蟹谐,2,芯,o0,7963
屑芯蟹谐,3,蟹,z,7963
屑芯蟹谐,4,谐,k,7963
屑芯泄,1,屑,m,178506
屑芯泄,2,芯,o0,178506
屑芯泄,3,泄,j,178506
屑芯谢,1,屑,m,24291
屑芯谢,2,芯,o0,24291
屑芯谢,3,谢,l,24291
屑芯褋褌,1,屑,m,12398
屑芯褋褌,2,芯,o0,12398
屑芯褋褌,3,褋,s,12398
屑芯褋褌,4,褌,t,12398
屑芯褖褜,1,屑,m,4132
屑芯褖褜,2,芯,o0,4132
屑芯褖褜,3,褖,sc,4132
屑芯褖褜,4,褜,-,4132
屑褉邪泻,1,屑,m,1915
屑褉邪泻,2,褉,r,1915
屑褉邪泻,3,邪,a0,1915
屑褉邪泻,4,泻,k,1915
屑褍卸,1,屑,m,31750
屑褍卸,2,褍,u0,31750
屑褍卸,3,卸,sh,31750
屑褍褏,1,屑,m,2318
屑褍褏,2,褍,u0,2318
屑褍褏,3,褏,h,2318
屑褘,1,屑,m,1007338
屑褘,2,褘,y0,1007338
屑褘褋谢褜,1,屑,m,66726
屑褘褋谢褜,2,褘,y0,66726
屑褘褋谢褜,3,褋,s,66726
屑褘褋谢褜,4,谢,l',66726
屑褘褋谢褜,5,褜,-,66726
屑褘褌褜,1,屑,m,2217
屑褘褌褜,2,褘,y0,2217
屑褘褌褜,3,褌,t',2217
屑褘褌褜,4,褜,-,2217
屑褘褕褑,1,屑,m,3024
屑褘褕褑,2,褘,y0,3024
屑褘褕褑,3,褕,sh,3024
屑褘褕褑,4,褑,c,3024
屑褘褕褜,1,屑,m,2923
屑褘褕褜,2,褘,y0,2923
屑褘褕褜,3,褕,sh,2923
屑褘褕褜,4,褜,-,2923
屑褝褉,1,屑,m,3225
屑褝褉,2,褝,e0,3225
屑褝褉,3,褉,r,3225
屑褟,1,屑,m',1814
屑褟,2,褟,a0,1814
屑褟褔,1,屑,m',5040
屑褟褔,2,褟,a0,5040
屑褟褔,3,褔,ch,5040
屑褢写,1,屑,m',1613
屑褢写,2,褢,o0,1613
屑褢写,3,写,t,1613
薪邪,1,薪,n,5985369
薪邪,2,邪,a0,5985369
薪邪写,1,薪,n,231525
薪邪写,2,邪,a0,231525
薪邪写,3,写,t,231525
薪邪屑,1,薪,n,268616
薪邪屑,2,邪,a0,268616
薪邪屑,3,屑,m,268616
薪邪锌褉,1,薪,n,3225
薪邪锌褉,2,邪,a0,3225
薪邪锌褉,3,锌,p,3225
薪邪锌褉,4,褉,r,3225
薪邪褋,1,薪,n,427167
薪邪褋,2,邪,a0,427167
薪邪褋,3,褋,s,427167
薪邪褕,1,薪,n,88497
薪邪褕,2,邪,a0,88497
薪邪褕,3,褕,sh,88497
薪械,1,薪,n',6775092
薪械,2,械,e0,6775092
薪械谐褉,1,薪,n',1613
薪械谐褉,2,械,e0,1613
薪械谐褉,3,谐,g,1613
薪械谐褉,4,褉,r,1613
薪械写褉,1,薪,n',2520
薪械写褉,2,械,e0,2520
薪械写褉,3,写,d,2520
薪械写褉,4,褉,r,2520
薪械泄,1,薪,n',238883
薪械泄,2,械,e0,238883
薪械泄,3,泄,j,238883
薪械褌,1,薪,n',521006
薪械褌,2,械,e0,521006
薪械褌,3,褌,t,521006
薪械褎褌褜,1,薪,n',3629
薪械褎褌褜,2,械,e0,3629
薪械褎褌褜,3,褎,f,3629
薪械褎褌褜,4,褌,t',3629
薪械褎褌褜,5,褜,-,3629
薪懈,1,薪,n',630871
薪懈,2,懈,i0,630871
薪懈屑,1,薪,n',248961
薪懈屑,2,懈,i0,248961
薪懈屑,3,屑,m,248961
薪懈褌褜,1,薪,n',1613
薪懈褌褜,2,懈,i0,1613
薪懈褌褜,3,褌,t',1613
薪懈褌褜,4,褜,-,1613
薪懈褏,1,薪,n',329193
薪懈褏,2,懈,i0,329193
薪懈褏,3,褏,h,329193
薪芯,1,薪,n,2161635
薪芯,2,芯,o0,2161635
薪芯谐,1,薪,n,23183
薪芯谐,2,芯,o0,23183
薪芯谐,3,谐,k,23183
薪芯卸,1,薪,n,9071
薪芯卸,2,芯,o0,9071
薪芯卸,3,卸,sh,9071
薪芯谢褜,1,薪,n,2217
薪芯谢褜,2,芯,o0,2217
薪芯谢褜,3,谢,l',2217
薪芯谢褜,4,褜,-,2217
薪芯褉屑,1,薪,n,5544
薪芯褉屑,2,芯,o0,5544
薪芯褉屑,3,褉,r,5544
薪芯褉屑,4,屑,m,5544
薪芯褋,1,薪,n,23283
薪芯褋,2,芯,o0,23283
薪芯褋,3,褋,s,23283
薪芯褔褜,1,薪,n,80535
薪芯褔褜,2,芯,o0,80535
薪芯褔褜,3,褔,ch,80535
薪芯褔褜,4,褜,-,80535
薪褍,1,薪,n,329194
薪褍,2,褍,u0,329194
薪褍卸写,1,薪,n,2721
薪褍卸写,2,褍,u0,2721
薪褍卸写,3,卸,zh,2721
薪褍卸写,4,写,t,2721
薪褢屑,1,薪,n',135568
薪褢屑,2,褢,o0,135568
薪褢屑,3,屑,m,135568
薪褢褋,1,薪,n',4536
薪褢褋,2,褢,o0,4536
薪褢褋,3,褋,s,4536
芯,1,芯,o0,1390861
芯斜,1,芯,o0,264283
芯斜,2,斜,p,264283
芯泄,1,芯,o0,13809
芯泄,2,泄,j,13809
芯薪,1,芯,o0,2613093
芯薪,2,薪,n,2613093
芯褌,1,芯,o0,1448616
芯褌,2,褌,t,1448616
芯褏,1,芯,o0,15422
芯褏,2,褏,h,15422
锌邪谢,1,锌,p,3125
锌邪谢,2,邪,a0,3125
锌邪谢,3,谢,l,3125
锌邪薪,1,锌,p,4435
锌邪薪,2,邪,a0,4435
锌邪薪,3,薪,n,4435
锌邪褉,1,锌,p,7358
锌邪褉,2,邪,a0,7358
锌邪褉,3,褉,r,7358
锌邪褉泻,1,锌,p,5947
锌邪褉泻,2,邪,a0,5947
锌邪褉泻,3,褉,r,5947
锌邪褉泻,4,泻,k,5947
锌械泄,1,锌,p',3225
锌械泄,2,械,e0,3225
锌械泄,3,泄,j,3225
锌械谢,1,锌,p',8668
锌械谢,2,械,e0,8668
锌械谢,3,谢,l,8668
锌械褋薪褜,1,锌,p',2016
锌械褋薪褜,2,械,e0,2016
锌械褋薪褜,3,褋,s',2016
锌械褋薪褜,4,薪,n',2016
锌械褋薪褜,5,褜,-,2016
锌械褌褜,1,锌,p',10180
锌械褌褜,2,械,e0,10180
锌械褌褜,3,褌,t',10180
锌械褌褜,4,褜,-,10180
锌械褔褜,1,锌,p',6047
锌械褔褜,2,械,e0,6047
锌械褔褜,3,褔,ch,6047
锌械褔褜,4,褜,-,6047
锌懈谢,1,锌,p',11491
锌懈谢,2,懈,i0,11491
锌懈谢,3,谢,l,11491
锌懈褉,1,锌,p',4838
锌懈褉,2,懈,i0,4838
锌懈褉,3,褉,r,4838
锌懈褌褜,1,锌,p',25098
锌懈褌褜,2,懈,i0,25098
锌懈褌褜,3,褌,t',25098
锌懈褌褜,4,褜,-,25098
锌谢邪薪,1,锌,p,23586
锌谢邪薪,2,谢,l,23586
锌谢邪薪,3,邪,a0,23586
锌谢邪薪,4,薪,n,23586
锌谢邪褔,1,锌,p,2923
锌谢邪褔,2,谢,l,2923
锌谢邪褔,3,邪,a0,2923
锌谢邪褔,4,褔,ch,2923
锌谢邪褔褜,1,锌,p,2419
锌谢邪褔褜,2,谢,l,2419
锌谢邪褔褜,3,邪,a0,2419
锌谢邪褔褜,4,褔,ch,2419
锌谢邪褔褜,5,褜,-,2419
锌谢邪褖,1,锌,p,2419
锌谢邪褖,2,谢,l,2419
锌谢邪褖,3,邪,a0,2419
锌谢邪褖,4,褖,sc,2419
锌谢械薪,1,锌,p,8366
锌谢械薪,2,谢,l',8366
锌谢械薪,3,械,e0,8366
锌谢械薪,4,薪,n,8366
锌谢械褔,1,锌,p,3225
锌谢械褔,2,谢,l',3225
锌谢械褔,3,械,e0,3225
锌谢械褔,4,褔,ch,3225
锌谢芯写,1,锌,p,3830
锌谢芯写,2,谢,l,3830
锌谢芯写,3,芯,o0,3830
锌谢芯写,4,写,t,3830
锌谢芯褌褜,1,锌,p,3629
锌谢芯褌褜,2,谢,l,3629
锌谢芯褌褜,3,芯,o0,3629
锌谢芯褌褜,4,褌,t',3629
锌谢芯褌褜,5,褜,-,3629
锌谢芯褏,1,锌,p,2016
锌谢芯褏,2,谢,l,2016
锌谢芯褏,3,芯,o0,2016
锌谢芯褏,4,褏,h,2016
锌谢褘谢,1,锌,p,2520
锌谢褘谢,2,谢,l,2520
锌谢褘谢,3,褘,y0,2520
锌谢褘谢,4,谢,l,2520
锌谢褘褌褜,1,锌,p,2117
锌谢褘褌褜,2,谢,l,2117
锌谢褘褌褜,3,褘,y0,2117
锌谢褘褌褜,4,褌,t',2117
锌谢褘褌褜,5,褜,-,2117
锌谢褞褋,1,锌,p,6350
锌谢褞褋,2,谢,l',6350
锌谢褞褋,3,褞,u0,6350
锌谢褞褋,4,褋,s,6350
锌芯,1,锌,p,2154579
锌芯,2,芯,o0,2154579
锌芯写,1,锌,p,432408
锌芯写,2,芯,o0,432408
锌芯写,3,写,t,432408
锌芯谢,1,锌,p,26912
锌芯谢,2,芯,o0,26912
锌芯谢,3,谢,l,26912
锌芯谢泻,1,锌,p,14313
锌芯谢泻,2,芯,o0,14313
锌芯谢泻,3,谢,l,14313
锌芯谢泻,4,泻,k,14313
锌芯锌,1,锌,p,4133
锌芯锌,2,芯,o0,4133
锌芯锌,3,锌,p,4133
锌芯褉,1,锌,p,86683
锌芯褉,2,芯,o0,86683
锌芯褉,3,褉,r,86683
锌芯褉褌,1,锌,p,2923
锌芯褉褌,2,芯,o0,2923
锌芯褉褌,3,褉,r,2923
锌芯褉褌,4,褌,t,2923
锌芯褋褌,1,锌,p,10180
锌芯褋褌,2,芯,o0,10180
锌芯褋褌,3,褋,s,10180
锌芯褋褌,4,褌,t,10180
锌芯褌,1,锌,p,5140
锌芯褌,2,芯,o0,5140
锌芯褌,3,褌,t,5140
锌褉邪胁,1,锌,p,30037
锌褉邪胁,2,褉,r,30037
锌褉邪胁,3,邪,a0,30037
锌褉邪胁,4,胁,f,30037
锌褉邪褏,1,锌,p,3931
锌褉邪褏,2,褉,r,3931
锌褉邪褏,3,邪,a0,3931
锌褉邪褏,4,褏,h,3931
锌褉械写,1,锌,p,24191
锌褉械写,2,褉,r',24191
锌褉械写,3,械,e0,24191
锌褉械写,4,写,t,24191
锌褉懈,1,锌,p,586623
锌褉懈,2,褉,r',586623
锌褉懈,3,懈,i0,586623
锌褉懈蟹,1,锌,p,1613
锌褉懈蟹,2,褉,r',1613
锌褉懈蟹,3,懈,i0,1613
锌褉懈蟹,4,蟹,s,1613
锌褉懈薪褑,1,锌,p,5544
锌褉懈薪褑,2,褉,r',5544
锌褉懈薪褑,3,懈,i0,5544
锌褉懈薪褑,4,薪,n,5544
锌褉懈薪褑,5,褑,c,5544
锌褉芯,1,锌,p,127706
锌褉芯,2,褉,r,127706
锌褉芯,3,芯,o0,127706
锌褉芯斜,1,锌,p,1613
锌褉芯斜,2,褉,r,1613
锌褉芯斜,3,芯,o0,1613
锌褉芯斜,4,斜,p,1613
锌褉芯褋褌,1,锌,p,4233
锌褉芯褋褌,2,褉,r,4233
锌褉芯褋褌,3,芯,o0,4233
锌褉芯褋褌,4,褋,s,4233
锌褉芯褋褌,5,褌,t,4233
锌褉芯褔褜,1,锌,p,13305
锌褉芯褔褜,2,褉,r,13305
锌褉芯褔褜,3,芯,o0,13305
锌褉芯褔褜,4,褔,ch,13305
锌褉芯褔褜,5,褜,-,13305
锌褋褘,1,锌,p,1714
锌褋褘,2,褋,s,1714
锌褋褘,3,褘,y0,1714
锌褌懈褑,1,锌,p,10785
锌褌懈褑,2,褌,t',10785
锌褌懈褑,3,懈,i0,10785
锌褌懈褑,4,褑,c,10785
锌褍谢褜,1,锌,p,2016
锌褍谢褜,2,褍,u0,2016
锌褍谢褜,3,谢,l',2016
锌褍谢褜,4,褜,-,2016
锌褍薪泻褌,1,锌,p,7560
锌褍薪泻褌,2,褍,u0,7560
锌褍薪泻褌,3,薪,n,7560
锌褍薪泻褌,4,泻,k,7560
锌褍薪泻褌,5,褌,t,7560
锌褍褋褌,1,锌,p,2217
锌褍褋褌,2,褍,u0,2217
锌褍褋褌,3,褋,s,2217
锌褍褋褌,4,褌,t,2217
锌褍褋褌褜,1,锌,p,81341
锌褍褋褌褜,2,褍,u0,81341
锌褍褋褌褜,3,褋,s',81341
锌褍褋褌褜,4,褌,t',81341
锌褍褋褌褜,5,褜,-,81341
锌褍褌褜,1,锌,p,61182
锌褍褌褜,2,褍,u0,61182
锌褍褌褜,3,褌,t',61182
锌褍褌褜,4,褜,-,61182
锌褘谢褜,1,锌,p,12196
锌褘谢褜,2,褘,y0,12196
锌褘谢褜,3,谢,l',12196
锌褘谢褜,4,褜,-,12196
锌褜械褉,1,锌,p',3729
锌褜械褉,2,褜,-,3729
锌褜械褉,3,械,je0,3729
锌褜械褉,4,褉,r,3729
锌褜械褋,1,锌,p',3024
锌褜械褋,2,褜,-,3024
锌褜械褋,3,械,je0,3024
锌褜械褋,4,褋,s,3024
锌褜械褌,1,锌,p',4435
锌褜械褌,2,褜,-,4435
锌褜械褌,3,械,je0,4435
锌褜械褌,4,褌,t,4435
锌褜褞,1,锌,p',3024
锌褜褞,2,褜,-,3024
锌褜褞,3,褞,ju0,3024
锌褜褞褌,1,锌,p',4233
锌褜褞褌,2,褜,-,4233
锌褜褞褌,3,褞,ju0,4233
锌褜褞褌,4,褌,t,4233
锌褜褟薪,1,锌,p',4334
锌褜褟薪,2,褜,-,4334
锌褜褟薪,3,褟,ja0,4334
锌褜褟薪,4,薪,n,4334
锌褜褢褌,1,锌,p',3326
锌褜褢褌,2,褜,-,3326
锌褜褢褌,3,褢,jo0,3326
锌褜褢褌,4,褌,t,3326
锌褟褌褜,1,锌,p',78317
锌褟褌褜,2,褟,a0,78317
锌褟褌褜,3,褌,t',78317
锌褟褌褜,4,褜,-,78317
锌褢褋,1,锌,p',4435
锌褢褋,2,褢,o0,4435
锌褢褋,3,褋,s,4435
锌褢褌褉,1,锌,p',40217
锌褢褌褉,2,褢,o0,40217
锌褢褌褉,3,褌,t,40217
锌褢褌褉,4,褉,r,40217
褉邪斜,1,褉,r,3830
褉邪斜,2,邪,a0,3830
褉邪斜,3,斜,p,3830
褉邪写,1,褉,r,19151
褉邪写,2,邪,a0,19151
褉邪写,3,写,t,19151
褉邪蟹,1,褉,r,348546
褉邪蟹,2,邪,a0,348546
褉邪蟹,3,蟹,s,348546
褉邪泄,1,褉,r,4939
褉邪泄,2,邪,a0,4939
褉邪泄,3,泄,j,4939
褉邪泻,1,褉,r,1915
褉邪泻,2,邪,a0,1915
褉邪泻,3,泻,k,1915
褉邪薪,1,褉,r,2923
褉邪薪,2,邪,a0,2923
褉邪薪,3,薪,n,2923
褉胁邪褌褜,1,褉,r,1915
褉胁邪褌褜,2,胁,v,1915
褉胁邪褌褜,3,邪,a0,1915
褉胁邪褌褜,4,褌,t',1915
褉胁邪褌褜,5,褜,-,1915
褉胁褢褌,1,褉,r,1915
褉胁褢褌,2,胁,v',1915
褉胁褢褌,3,褢,o0,1915
褉胁褢褌,4,褌,t,1915
褉械泄褋,1,褉,r',2117
褉械泄褋,2,械,e0,2117
褉械泄褋,3,泄,j,2117
褉械泄褋,4,褋,s,2117
褉械泻,1,褉,r',4435
褉械泻,2,械,e0,4435
褉械泻,3,泻,k,4435
褉械褔褜,1,褉,r',58763
褉械褔褜,2,械,e0,58763
褉械褔褜,3,褔,ch,58763
褉械褔褜,4,褜,-,58763
褉卸懈,1,褉,r,2318
褉卸懈,2,卸,zh,2318
褉卸懈,3,懈,y0,2318
褉懈屑,1,褉,r',5745
褉懈屑,2,懈,i0,5745
褉懈屑,3,屑,m,5745
褉懈褋,1,褉,r',7661
褉懈褋,2,懈,i0,7661
褉懈褋,3,褋,s,7661
褉懈褋泻,1,褉,r',4939
褉懈褋泻,2,懈,i0,4939
褉懈褋泻,3,褋,s,4939
褉懈褋泻,4,泻,k,4939
褉懈褌屑,1,褉,r',1814
褉懈褌屑,2,懈,i0,1814
褉懈褌屑,3,褌,t,1814
褉懈褌屑,4,屑,m,1814
褉芯写,1,褉,r,10382
褉芯写,2,芯,o0,10382
褉芯写,3,写,t,10382
褉芯卸褜,1,褉,r,1714
褉芯卸褜,2,芯,o0,1714
褉芯卸褜,3,卸,sh,1714
褉芯卸褜,4,褜,-,1714
褉芯蟹,1,褉,r,2217
褉芯蟹,2,芯,o0,2217
褉芯蟹,3,蟹,s,2217
褉芯谢褜,1,褉,r,52211
褉芯谢褜,2,芯,o0,52211
褉芯谢褜,3,谢,l',52211
褉芯谢褜,4,褜,-,52211
褉芯褋,1,褉,r,2923
褉芯褋,2,芯,o0,2923
褉芯褋,3,褋,s,2923
褉芯褋褌,1,褉,r,19756
褉芯褋褌,2,芯,o0,19756
褉芯褋褌,3,褋,s,19756
褉芯褋褌,4,褌,t,19756
褉芯褌,1,褉,r,28121
褉芯褌,2,芯,o0,28121
褉芯褌,3,褌,t,28121
褉褌邪,1,褉,r,8164
褉褌邪,2,褌,t,8164
褉褌邪,3,邪,a0,8164
褉褌芯屑,1,褉,r,4637
褉褌芯屑,2,褌,t,4637
褉褌芯屑,3,芯,o0,4637
褉褌芯屑,4,屑,m,4637
褉褌褍,1,褉,r,4536
褉褌褍,2,褌,t,4536
褉褌褍,3,褍,u0,4536
褉褌褘,1,褉,r,1714
褉褌褘,2,褌,t,1714
褉褌褘,3,褘,y0,1714
褉褍斜,1,褉,r,3931
褉褍斜,2,褍,u0,3931
褉褍斜,3,斜,p,3931
褉褍斜谢褜,1,褉,r,6955
褉褍斜谢褜,2,褍,u0,6955
褉褍斜谢褜,3,斜,b,6955
褉褍斜谢褜,4,谢,l',6955
褉褍斜谢褜,5,褜,-,6955
褉褍泻,1,褉,r,33565
褉褍泻,2,褍,u0,33565
褉褍泻,3,泻,k,33565
褉褍谢褜,1,褉,r,2822
褉褍谢褜,2,褍,u0,2822
褉褍谢褜,3,谢,l',2822
褉褍谢褜,4,褜,-,2822
褉褍褋褜,1,褉,r,6350
褉褍褋褜,2,褍,u0,6350
褉褍褋褜,3,褋,s',6350
褉褍褋褜,4,褜,-,6350
褉褘斜,1,褉,r,3326
褉褘斜,2,褘,y0,3326
褉褘斜,3,斜,p,3326
褉褟写,1,褉,r',32959
褉褟写,2,褟,a0,32959
褉褟写,3,写,t,32959
褉褢胁,1,褉,r',2520
褉褢胁,2,褢,o0,2520
褉褢胁,3,胁,f,2520
褋邪写,1,褋,s,22175
褋邪写,2,邪,a0,22175
褋邪写,3,写,t,22175
褋邪屑,1,褋,s,253901
褋邪屑,2,邪,a0,253901
褋邪屑,3,屑,m,253901
褋邪薪,1,褋,s,1814
褋邪薪,2,邪,a0,1814
褋邪薪,3,薪,n,1814
褋斜懈谢,1,褋,z,1814
褋斜懈谢,2,斜,b',1814
褋斜懈谢,3,懈,i0,1814
褋斜懈谢,4,谢,l,1814
褋斜懈褌褜,1,褋,z,1613
褋斜懈褌褜,2,斜,b',1613
褋斜懈褌褜,3,懈,i0,1613
褋斜懈褌褜,4,褌,t',1613
褋斜懈褌褜,5,褜,-,1613
褋斜芯褉,1,褋,z,7055
褋斜芯褉,2,斜,b,7055
褋斜芯褉,3,芯,o0,7055
褋斜芯褉,4,褉,r,7055
褋胁械褉褏,1,褋,s,10382
褋胁械褉褏,2,胁,v',10382
褋胁械褉褏,3,械,e0,10382
褋胁械褉褏,4,褉,r,10382
褋胁械褉褏,5,褏,h,10382
褋胁械褌,1,褋,s,58259
褋胁械褌,2,胁,v',58259
褋胁械褌,3,械,e0,58259
褋胁械褌,4,褌,t,58259
褋胁懈褋褌,1,褋,s,2621
褋胁懈褋褌,2,胁,v',2621
褋胁懈褋褌,3,懈,i0,2621
褋胁懈褋褌,4,褋,s,2621
褋胁懈褋褌,5,褌,t,2621
褋胁芯写,1,褋,s,3730
褋胁芯写,2,胁,v,3730
褋胁芯写,3,芯,o0,3730
褋胁芯写,4,写,t,3730
褋胁芯泄,1,褋,s,144438
褋胁芯泄,2,胁,v,144438
褋胁芯泄,3,芯,o0,144438
褋胁芯泄,4,泄,j,144438
褋胁芯泄褋褌胁,1,褋,s,7459
褋胁芯泄褋褌胁,2,胁,v,7459
褋胁芯泄褋褌胁,3,芯,o0,7459
褋胁芯泄褋褌胁,4,泄,j,7459
褋胁芯泄褋褌胁,5,褋,s,7459
褋胁芯泄褋褌胁,6,褌,t,7459
褋胁芯泄褋褌胁,7,胁,f,7459
褋胁褟蟹褜,1,褋,s,26408
褋胁褟蟹褜,2,胁,v',26408
褋胁褟蟹褜,3,褟,a0,26408
褋胁褟蟹褜,4,蟹,s',26408
褋胁褟蟹褜,5,褜,-,26408
褋写邪谢,1,褋,z,5040
褋写邪谢,2,写,d,5040
褋写邪谢,3,邪,a0,5040
褋写邪谢,4,谢,l,5040
褋写邪褌褜,1,褋,z,4737
褋写邪褌褜,2,写,d,4737
褋写邪褌褜,3,邪,a0,4737
褋写邪褌褜,4,褌,t',4737
褋写邪褌褜,5,褜,-,4737
褋械,1,褋,s',2721
褋械,2,械,e0,2721
褋械泄,1,褋,s',33162
褋械泄,2,械,e0,33162
褋械泄,3,泄,j,33162
褋械谢,1,褋,s',35580
褋械谢,2,械,e0,35580
褋械谢,3,谢,l,35580
褋械屑,1,褋,s',4939
褋械屑,2,械,e0,4939
褋械屑,3,屑,m,4939
褋械屑褜,1,褋,s',27819
褋械屑褜,2,械,e0,27819
褋械屑褜,3,屑,m',27819
褋械屑褜,4,褜,-,27819
褋械褋褌褜,1,褋,s',8769
褋械褋褌褜,2,械,e0,8769
褋械褋褌褜,3,褋,s',8769
褋械褋褌褜,4,褌,t',8769
褋械褋褌褜,5,褜,-,8769
褋械褌褜,1,褋,s',7862
褋械褌褜,2,械,e0,7862
褋械褌褜,3,褌,t',7862
褋械褌褜,4,褜,-,7862
褋卸邪谢,1,褋,-,1714
褋卸邪谢,2,卸,zh,1714
褋卸邪谢,3,邪,a0,1714
褋卸邪谢,4,谢,l,1714
褋卸械褔褜,1,褋,-,1613
褋卸械褔褜,2,卸,zh,1613
褋卸械褔褜,3,械,e0,1613
褋卸械褔褜,4,褔,ch,1613
褋卸械褔褜,5,褜,-,1613
褋懈谢,1,褋,s',49994
褋懈谢,2,懈,i0,49994
褋懈谢,3,谢,l,49994
褋懈屑,1,褋,s',3831
褋懈屑,2,懈,i0,3831
褋懈屑,3,屑,m,3831
褋懈褏,1,褋,s',57453
褋懈褏,2,懈,i0,57453
褋懈褏,3,褏,h,57453
褋泻邪谢,1,褋,s,3225
褋泻邪谢,2,泻,k,3225
褋泻邪谢,3,邪,a0,3225
褋泻邪谢,4,谢,l,3225
褋泻胁芯蟹褜,1,褋,s,48482
褋泻胁芯蟹褜,2,泻,k,48482
褋泻胁芯蟹褜,3,胁,v,48482
褋泻胁芯蟹褜,4,芯,o0,48482
褋泻胁芯蟹褜,5,蟹,s',48482
褋泻胁芯蟹褜,6,褜,-,48482
褋泻谢邪写,1,褋,s,4637
褋泻谢邪写,2,泻,k,4637
褋泻谢邪写,3,谢,l,4637
褋泻谢邪写,4,邪,a0,4637
褋泻谢邪写,5,写,t,4637
褋泻芯谢褜,1,褋,s,6955
褋泻芯谢褜,2,泻,k,6955
褋泻芯谢褜,3,芯,o0,6955
褋泻芯谢褜,4,谢,l',6955
褋泻芯谢褜,5,褜,-,6955
褋泻芯褌,1,褋,s,2318
褋泻芯褌,2,泻,k,2318
褋泻芯褌,3,芯,o0,2318
褋泻芯褌,4,褌,t,2318
褋泻褉懈锌,1,褋,s,2117
褋泻褉懈锌,2,泻,k,2117
褋泻褉懈锌,3,褉,r',2117
褋泻褉懈锌,4,懈,i0,2117
褋泻褉懈锌,5,锌,p,2117
褋泻褉褘褌褜,1,褋,s,7156
褋泻褉褘褌褜,2,泻,k,7156
褋泻褉褘褌褜,3,褉,r,7156
褋泻褉褘褌褜,4,褘,y0,7156
褋泻褉褘褌褜,5,褌,t',7156
褋泻褉褘褌褜,6,褜,-,7156
褋谢邪斜,1,褋,s,3931
褋谢邪斜,2,谢,l,3931
褋谢邪斜,3,邪,a0,3931
褋谢邪斜,4,斜,p,3931
褋谢械写,1,褋,s,9172
褋谢械写,2,谢,l',9172
褋谢械写,3,械,e0,9172
褋谢械写,4,写,t,9172
褋谢械蟹,1,褋,s,11087
褋谢械蟹,2,谢,l',11087
褋谢械蟹,3,械,e0,11087
褋谢械蟹,4,蟹,s,11087
褋谢芯胁,1,褋,s,45357
褋谢芯胁,2,谢,l,45357
褋谢芯胁,3,芯,o0,45357
褋谢芯胁,4,胁,f,45357
褋谢芯泄,1,褋,s,7056
褋谢芯泄,2,谢,l,7056
褋谢芯泄,3,芯,o0,7056
褋谢芯泄,4,泄,j,7056
褋谢芯薪,1,褋,s,2117
褋谢芯薪,2,谢,l,2117
褋谢芯薪,3,芯,o0,2117
褋谢芯薪,4,薪,n,2117
褋谢褍卸斜,1,褋,s,2721
褋谢褍卸斜,2,谢,l,2721
褋谢褍卸斜,3,褍,u0,2721
褋谢褍卸斜,4,卸,zh,2721
褋谢褍卸斜,5,斜,p,2721
褋谢褍褏,1,褋,s,10584
褋谢褍褏,2,谢,l,10584
褋谢褍褏,3,褍,u0,10584
褋谢褍褏,4,褏,h,10584
褋谢褘褕褜,1,褋,s,2419
褋谢褘褕褜,2,谢,l,2419
褋谢褘褕褜,3,褘,y0,2419
褋谢褘褕褜,4,褕,sh,2419
褋谢褘褕褜,5,褜,-,2419
褋屑械泄,1,褋,s,1814
褋屑械泄,2,屑,m',1814
褋屑械泄,3,械,e0,1814
褋屑械泄,4,泄,j,1814
褋屑械谢,1,褋,s,3225
褋屑械谢,2,屑,m',3225
褋屑械谢,3,械,e0,3225
褋屑械谢,4,谢,l,3225
褋屑械褉褌褜,1,褋,s,44148
褋屑械褉褌褜,2,屑,m',44148
褋屑械褉褌褜,3,械,e0,44148
褋屑械褉褌褜,4,褉,r,44148
褋屑械褉褌褜,5,褌,t',44148
褋屑械褉褌褜,6,褜,-,44148
褋屑械褋褜,1,褋,s,6350
褋屑械褋褜,2,屑,m',6350
褋屑械褋褜,3,械,e0,6350
褋屑械褋褜,4,褋,s',6350
褋屑械褋褜,5,褜,-,6350
褋屑械褏,1,褋,s,12801
褋屑械褏,2,屑,m',12801
褋屑械褏,3,械,e0,12801
褋屑械褏,4,褏,h,12801
褋屑芯谐,1,褋,s,13002
褋屑芯谐,2,屑,m,13002
褋屑芯谐,3,芯,o0,13002
褋屑芯谐,4,谐,k,13002
褋屑褘褋谢,1,褋,s,36991
褋屑褘褋谢,2,屑,m,36991
褋屑褘褋谢,3,褘,y0,36991
褋屑褘褋谢,4,褋,s,36991
褋屑褘褋谢,5,谢,l,36991
褋薪邪,1,褋,s,9071
褋薪邪,2,薪,n,9071
褋薪邪,3,邪,a0,9071
褋薪械,1,褋,s',17538
褋薪械,2,薪,n',17538
褋薪械,3,械,e0,17538
褋薪械谐,1,褋,s',27618
褋薪械谐,2,薪,n',27618
褋薪械谐,3,械,e0,27618
褋薪械谐,4,谐,k,27618
褋薪芯胁,1,褋,s,2016
褋薪芯胁,2,薪,n,2016
褋薪芯胁,3,芯,o0,2016
褋薪芯胁,4,胁,f,2016
褋薪芯屑,1,褋,s,7963
褋薪芯屑,2,薪,n,7963
褋薪芯屑,3,芯,o0,7963
褋薪芯屑,4,屑,m,7963
褋薪褘,1,褋,s,4334
褋薪褘,2,薪,n,4334
褋薪褘,3,褘,y0,4334
褋薪褟胁,1,褋,s',2822
褋薪褟胁,2,薪,n',2822
褋薪褟胁,3,褟,a0,2822
褋薪褟胁,4,胁,f,2822
褋薪褟谢,1,褋,s',13406
褋薪褟谢,2,薪,n',13406
褋薪褟谢,3,褟,a0,13406
褋薪褟谢,4,谢,l,13406
褋薪褟褌,1,褋,s',1613
褋薪褟褌,2,薪,n',1613
褋薪褟褌,3,褟,a0,1613
褋薪褟褌,4,褌,t,1613
褋薪褟褌褜,1,褋,s',10382
褋薪褟褌褜,2,薪,n',10382
褋薪褟褌褜,3,褟,a0,10382
褋薪褟褌褜,4,褌,t',10382
褋薪褟褌褜,5,褜,-,10382
褋芯,1,褋,s,465267
褋芯,2,芯,o0,465267
褋芯泻,1,褋,s,1915
褋芯泻,2,芯,o0,1915
褋芯泻,3,泻,k,1915
褋芯谢褜,1,褋,s,6148
褋芯谢褜,2,芯,o0,6148
褋芯谢褜,3,谢,l',6148
褋芯谢褜,4,褜,-,6148
褋芯薪,1,褋,s,24594
褋芯薪,2,芯,o0,24594
褋芯薪,3,薪,n,24594
褋芯褉褌,1,褋,s,1613
褋芯褉褌,2,芯,o0,1613
褋芯褉褌,3,褉,r,1613
褋芯褉褌,4,褌,t,1613
褋芯褌,1,褋,s,3125
褋芯褌,2,芯,o0,3125
褋芯褌,3,褌,t,3125
褋锌邪谢,1,褋,s,18748
褋锌邪谢,2,锌,p,18748
褋锌邪谢,3,邪,a0,18748
褋锌邪谢,4,谢,l,18748
褋锌邪褋,1,褋,s,3629
褋锌邪褋,2,锌,p,3629
褋锌邪褋,3,邪,a0,3629
褋锌邪褋,4,褋,s,3629
褋锌邪褌褜,1,褋,s,33968
褋锌邪褌褜,2,锌,p,33968
褋锌邪褌褜,3,邪,a0,33968
褋锌邪褌褜,4,褌,t',33968
褋锌邪褌褜,5,褜,-,33968
褋锌懈,1,褋,s,1814
褋锌懈,2,锌,p',1814
褋锌懈,3,懈,i0,1814
褋锌懈褉褌,1,褋,s,1613
褋锌懈褉褌,2,锌,p',1613
褋锌懈褉褌,3,懈,i0,1613
褋锌懈褉褌,4,褉,r,1613
褋锌懈褉褌,5,褌,t,1613
褋锌懈褌,1,褋,s,10684
褋锌懈褌,2,锌,p',10684
褋锌懈褌,3,懈,i0,10684
褋锌懈褌,4,褌,t,10684
褋锌懈褕褜,1,褋,s,1613
褋锌懈褕褜,2,锌,p',1613
褋锌懈褕褜,3,懈,i0,1613
褋锌懈褕褜,4,褕,sh,1613
褋锌懈褕褜,5,褜,-,1613
褋锌谢芯褕褜,1,褋,s,6955
褋锌谢芯褕褜,2,锌,p,6955
褋锌谢芯褕褜,3,谢,l,6955
褋锌谢芯褕褜,4,芯,o0,6955
褋锌谢芯褕褜,5,褕,sh,6955
褋锌谢芯褕褜,6,褜,-,6955
褋锌谢褞,1,褋,s,3225
褋锌谢褞,2,锌,p,3225
褋锌谢褞,3,谢,l',3225
褋锌谢褞,4,褞,u0,3225
褋锌芯褉,1,褋,s,6854
褋锌芯褉,2,锌,p,6854
褋锌芯褉,3,芯,o0,6854
褋锌芯褉,4,褉,r,6854
褋锌芯褉褌,1,褋,s,3326
褋锌芯褉褌,2,锌,p,3326
褋锌芯褉褌,3,芯,o0,3326
褋锌芯褉褌,4,褉,r,3326
褋锌芯褉褌,5,褌,t,3326
褋锌褉芯褋,1,褋,s,2318
褋锌褉芯褋,2,锌,p,2318
褋锌褉芯褋,3,褉,r,2318
褋锌褉芯褋,4,芯,o0,2318
褋锌褉芯褋,5,褋,s,2318
褋锌褟褌,1,褋,s,5040
褋锌褟褌,2,锌,p',5040
褋锌褟褌,3,褟,a0,5040
褋锌褟褌,4,褌,t,5040
褋褉械写褋褌胁,1,褋,s,33665
褋褉械写褋褌胁,2,褉,r',33665
褋褉械写褋褌胁,3,械,e0,33665
褋褉械写褋褌胁,4,写,-,33665
褋褉械写褋褌胁,5,褋,c,33665
褋褉械写褋褌胁,6,褌,t,33665
褋褉械写褋褌胁,7,胁,f,33665
褋褉械写褜,1,褋,s,2520
褋褉械写褜,2,褉,r',2520
褋褉械写褜,3,械,e0,2520
褋褉械写褜,4,写,t',2520
褋褉械写褜,5,褜,-,2520
褋褉芯泻,1,褋,s,24695
褋褉芯泻,2,褉,r,24695
褋褉芯泻,3,芯,o0,24695
褋褉芯泻,4,泻,k,24695
褋褌邪,1,褋,s,8870
褋褌邪,2,褌,t,8870
褋褌邪,3,邪,a0,8870
褋褌邪胁,1,褋,s,2923
褋褌邪胁,2,褌,t,2923
褋褌邪胁,3,邪,a0,2923
褋褌邪胁,4,胁,f,2923
褋褌邪谢,1,褋,s,165706
褋褌邪谢,2,褌,t,165706
褋褌邪谢,3,邪,a0,165706
褋褌邪谢,4,谢,l,165706
褋褌邪薪,1,褋,s,1613
褋褌邪薪,2,褌,t,1613
褋褌邪薪,3,邪,a0,1613
褋褌邪薪,4,薪,n,1613
褋褌邪褉,1,褋,s,2721
褋褌邪褉,2,褌,t,2721
褋褌邪褉,3,邪,a0,2721
褋褌邪褉,4,褉,r,2721
褋褌邪褌褜,1,褋,s,35782
褋褌邪褌褜,2,褌,t,35782
褋褌邪褌褜,3,邪,a0,35782
褋褌邪褌褜,4,褌,t',35782
褋褌邪褌褜,5,褜,-,35782
褋褌胁芯谢,1,褋,s,2016
褋褌胁芯谢,2,褌,t,2016
褋褌胁芯谢,3,胁,v,2016
褋褌胁芯谢,4,芯,o0,2016
褋褌胁芯谢,5,谢,l,2016
褋褌械薪,1,褋,s',9777
褋褌械薪,2,褌,t',9777
褋褌械薪,3,械,e0,9777
褋褌械薪,4,薪,n,9777
褋褌械锌褜,1,褋,s',7963
褋褌械锌褜,2,褌,t',7963
褋褌械锌褜,3,械,e0,7963
褋褌械锌褜,4,锌,p',7963
褋褌械锌褜,5,褜,-,7963
褋褌懈谢褜,1,褋,s',9576
褋褌懈谢褜,2,褌,t',9576
褋褌懈谢褜,3,懈,i0,9576
褋褌懈谢褜,4,谢,l',9576
褋褌懈谢褜,5,褜,-,9576
褋褌懈褏,1,褋,s',2016
褋褌懈褏,2,褌,t',2016
褋褌懈褏,3,懈,i0,2016
褋褌懈褏,4,褏,h,2016
褋褌芯,1,褋,s,34270
褋褌芯,2,褌,t,34270
褋褌芯,3,芯,o0,34270
褋褌芯泄,1,褋,s,6249
褋褌芯泄,2,褌,t,6249
褋褌芯泄,3,芯,o0,6249
褋褌芯泄,4,泄,j,6249
褋褌芯谢,1,褋,s,44148
褋褌芯谢,2,褌,t,44148
褋褌芯谢,3,芯,o0,44148
褋褌芯谢,4,谢,l,44148
褋褌芯谢斜,1,褋,s,2117
褋褌芯谢斜,2,褌,t,2117
褋褌芯谢斜,3,芯,o0,2117
褋褌芯谢斜,4,谢,l,2117
褋褌芯谢斜,5,斜,p,2117
褋褌芯谢褜,1,褋,s,53925
褋褌芯谢褜,2,褌,t,53925
褋褌芯谢褜,3,芯,o0,53925
褋褌芯谢褜,4,谢,l',53925
褋褌芯谢褜,5,褜,-,53925
褋褌芯锌,1,褋,s,2217
褋褌芯锌,2,褌,t,2217
褋褌芯锌,3,芯,o0,2217
褋褌芯锌,4,锌,p,2217
褋褌褉邪薪,1,褋,s,26610
褋褌褉邪薪,2,褌,t,26610
褋褌褉邪薪,3,褉,r,26610
褋褌褉邪薪,4,邪,a0,26610
褋褌褉邪薪,5,薪,n,26610
褋褌褉邪褋褌褜,1,褋,s,10785
褋褌褉邪褋褌褜,2,褌,t,10785
褋褌褉邪褋褌褜,3,褉,r,10785
褋褌褉邪褋褌褜,4,邪,a0,10785
褋褌褉邪褋褌褜,5,褋,s',10785
褋褌褉邪褋褌褜,6,褌,t',10785
褋褌褉邪褋褌褜,7,褜,-,10785
褋褌褉邪褏,1,褋,s,20865
褋褌褉邪褏,2,褌,t,20865
褋褌褉邪褏,3,褉,r,20865
褋褌褉邪褏,4,邪,a0,20865
褋褌褉邪褏,5,褏,h,20865
褋褌褉芯泄,1,褋,s,8970
褋褌褉芯泄,2,褌,t,8970
褋褌褉芯泄,3,褉,r,8970
褋褌褉芯泄,4,芯,o0,8970
褋褌褉芯泄,5,泄,j,8970
褋褌褉芯泻,1,褋,s,4838
褋褌褉芯泻,2,褌,t,4838
褋褌褉芯泻,3,褉,r,4838
褋褌褉芯泻,4,芯,o0,4838
褋褌褉芯泻,5,泻,k,4838
褋褌褍泻,1,褋,s,7861
褋褌褍泻,2,褌,t,7861
褋褌褍泻,3,褍,u0,7861
褋褌褍泻,4,泻,k,7861
褋褌褍谢,1,褋,s,10785
褋褌褍谢,2,褌,t,10785
褋褌褍谢,3,褍,u0,10785
褋褌褍谢,4,谢,l,10785
褋褌褘写,1,褋,s,2016
褋褌褘写,2,褌,t,2016
褋褌褘写,3,褘,y0,2016
褋褌褘写,4,写,t,2016
褋褍写,1,褋,s,29836
褋褍写,2,褍,u0,29836
褋褍写,3,写,t,29836
褋褍屑屑,1,褋,s,2721
褋褍屑屑,2,褍,u0,2721
褋褍屑屑,3,屑,m,2721
褋褍屑屑,4,屑,m,2721
褋褍锌,1,褋,s,5644
褋褍锌,2,褍,u0,5644
褋褍锌,3,锌,p,5644
褋褍褌褜,1,褋,s,21570
褋褍褌褜,2,褍,u0,21570
褋褍褌褜,3,褌,t',21570
褋褍褌褜,4,褜,-,21570
褋褑械薪,1,褋,s,3024
褋褑械薪,2,褑,c,3024
褋褑械薪,3,械,e0,3024
褋褑械薪,4,薪,n,3024
褋褔褢谢,1,褋,sc,4133
褋褔褢谢,2,褔,ch,4133
褋褔褢谢,3,褢,o0,4133
褋褔褢谢,4,谢,l,4133
褋褔褢褌,1,褋,-,33061
褋褔褢褌,1,褋,s,2419
褋褔褢褌,2,褔,ch,2419
褋褔褢褌,2,褔,sc,33061
褋褔褢褌,3,褢,o0,35480
褋褔褢褌,4,褌,t,35480
褋褗械蟹写,1,褋,s,7761
褋褗械蟹写,2,褗,-,7761
褋褗械蟹写,3,械,je0,7761
褋褗械蟹写,4,蟹,z,7761
褋褗械蟹写,5,写,t,7761
褋褗械谢,1,褋,s,4737
褋褗械谢,2,褗,-,4737
褋褗械谢,3,械,je0,4737
褋褗械谢,4,谢,l,4737
褋褗械褋褌褜,1,褋,s,3225
褋褗械褋褌褜,2,褗,-,3225
褋褗械褋褌褜,3,械,je0,3225
褋褗械褋褌褜,4,褋,s',3225
褋褗械褋褌褜,5,褌,t',3225
褋褗械褋褌褜,6,褜,-,3225
褋褘薪,1,褋,s,56646
褋褘薪,2,褘,y0,56646
褋褘薪,3,薪,n,56646
褋褝褉,1,褋,s,5040
褋褝褉,2,褝,e0,5040
褋褝褉,3,褉,r,5040
褋褢屑,1,褋,s',7660
褋褢屑,2,褢,o0,7660
褋褢屑,3,屑,m,7660
褌邪,1,褌,t,60477
褌邪,2,邪,a0,60477
褌邪泄薪,1,褌,t,2721
褌邪泄薪,2,邪,a0,2721
褌邪泄薪,3,泄,j,2721
褌邪泄薪,4,薪,n,2721
褌邪泻,1,褌,t,1279785
褌邪泻,2,邪,a0,1279785
褌邪泻,3,泻,k,1279785
褌邪泻褌,1,褌,t,2217
褌邪泻褌,2,邪,a0,2217
褌邪泻褌,3,泻,k,2217
褌邪泻褌,4,褌,t,2217
褌邪屑,1,褌,t,377072
褌邪屑,2,邪,a0,377072
褌邪屑,3,屑,m,377072
褌胁芯泄,1,褌,t,30440
褌胁芯泄,2,胁,v,30440
褌胁芯泄,3,芯,o0,30440
褌胁芯泄,4,泄,j,30440
褌械,1,褌,t',127908
褌械,2,械,e0,127908
褌械泻褋褌,1,褌,t',15623
褌械泻褋褌,2,械,e0,15623
褌械泻褋褌,3,泻,k,15623
褌械泻褋褌,4,褋,s,15623
褌械泻褋褌,5,褌,t,15623
褌械谢,1,褌,t',5745
褌械谢,2,械,e0,5745
褌械谢,3,谢,l,5745
褌械屑,1,褌,t',326070
褌械屑,2,械,e0,326070
褌械屑,3,屑,m,326070
褌械屑锌,1,褌,t',2217
褌械屑锌,2,械,e0,2217
褌械屑锌,3,屑,m,2217
褌械屑锌,4,锌,p,2217
褌械薪褜,1,褌,t',13406
褌械薪褜,2,械,e0,13406
褌械薪褜,3,薪,n',13406
褌械薪褜,4,褜,-,13406
褌械褏,1,褌,t',134460
褌械褏,2,械,e0,134460
褌械褏,3,褏,h,134460
褌懈屑,1,褌,t',1613
褌懈屑,2,懈,i0,1613
褌懈屑,3,屑,m,1613
褌懈锌,1,褌,t',10180
褌懈锌,2,懈,i0,10180
褌懈锌,3,锌,p,10180
褌泻邪薪褜,1,褌,t,3931
褌泻邪薪褜,2,泻,k,3931
褌泻邪薪褜,3,邪,a0,3931
褌泻邪薪褜,4,薪,n',3931
褌泻邪薪褜,5,褜,-,3931
褌芯,1,褌,t,1456176
褌芯,2,芯,o0,1456176
褌芯泄,1,褌,t,95754
褌芯泄,2,芯,o0,95754
褌芯泄,3,泄,j,95754
褌芯泻,1,褌,t,3931
褌芯泻,2,芯,o0,3931
褌芯泻,3,泻,k,3931
褌芯谢泻,1,褌,t,1613
褌芯谢泻,2,芯,o0,1613
褌芯谢泻,3,谢,l,1613
褌芯谢泻,4,泻,k,1613
褌芯谢褜,1,褌,t,2923
褌芯谢褜,2,芯,o0,2923
褌芯谢褜,3,谢,l',2923
褌芯谢褜,4,褜,-,2923
褌芯屑,1,褌,t,337964
褌芯屑,2,芯,o0,337964
褌芯屑,3,屑,m,337964
褌芯薪,1,褌,t,13305
褌芯薪,2,芯,o0,13305
褌芯薪,3,薪,n,13305
褌芯薪薪,1,褌,t,7862
褌芯薪薪,2,芯,o0,7862
褌芯薪薪,3,薪,n,7862
褌芯薪薪,4,薪,-,7862
褌芯褋褌,1,褌,t,1714
褌芯褋褌,2,芯,o0,1714
褌芯褋褌,3,褋,s,1714
褌芯褋褌,4,褌,t,1714
褌芯褌,1,褌,t,205923
褌芯褌,2,芯,o0,205923
褌芯褌,3,褌,t,205923
褌褉邪胁,1,褌,t,2117
褌褉邪胁,2,褉,r,2117
褌褉邪胁,3,邪,a0,2117
褌褉邪胁,4,胁,f,2117
褌褉械褋泻,1,褌,t,1814
褌褉械褋泻,2,褉,r',1814
褌褉械褋泻,3,械,e0,1814
褌褉械褋泻,4,褋,s,1814
褌褉械褋泻,5,泻,k,1814
褌褉械褌褜,1,褌,t,4636
褌褉械褌褜,2,褉,r',4636
褌褉械褌褜,3,械,e0,4636
褌褉械褌褜,4,褌,t',4636
褌褉械褌褜,5,褜,-,4636
褌褉懈,1,褌,t,185461
褌褉懈,2,褉,r',185461
褌褉懈,3,懈,i0,185461
褌褉芯薪,1,褌,t,1714
褌褉芯薪,2,褉,r,1714
褌褉芯薪,3,芯,o0,1714
褌褉芯薪,4,薪,n,1714
褌褉褍斜,1,褌,t,3830
褌褉褍斜,2,褉,r,3830
褌褉褍斜,3,褍,u0,3830
褌褉褍斜,4,斜,p,3830
褌褉褍写,1,褌,t,19554
褌褉褍写,2,褉,r,19554
褌褉褍写,3,褍,u0,19554
褌褉褍写,4,写,t,19554
褌褉褍锌,1,褌,t,7358
褌褉褍锌,2,褉,r,7358
褌褉褍锌,3,褍,u0,7358
褌褉褍锌,4,锌,p,7358
褌褉褍褋,1,褌,t,3125
褌褉褍褋,2,褉,r,3125
褌褉褍褋,3,褍,u0,3125
褌褉褍褋,4,褋,s,3125
褌褉褢屑,1,褌,t,4536
褌褉褢屑,2,褉,r',4536
褌褉褢屑,3,褢,o0,4536
褌褉褢屑,4,屑,m,4536
褌褉褢褏,1,褌,t,53018
褌褉褢褏,2,褉,r',53018
褌褉褢褏,3,褢,o0,53018
褌褉褢褏,4,褏,h,53018
褌褍,1,褌,t,62695
褌褍,2,褍,u0,62695
褌褍褌,1,褌,t,303794
褌褍褌,2,褍,u0,303794
褌褍褌,3,褌,t,303794
褌褍褔,1,褌,t,2016
褌褍褔,2,褍,u0,2016
褌褍褔,3,褔,ch,2016
褌褘,1,褌,t,669174
褌褘,2,褘,y0,669174
褌褘谢,1,褌,t,2117
褌褘谢,2,褘,y0,2117
褌褘谢,3,谢,l,2117
褌褜屑邪,1,褌,t',5544
褌褜屑邪,2,褜,-,5544
褌褜屑邪,3,屑,m,5544
褌褜屑邪,4,邪,a0,5544
褌褜屑械,1,褌,t',4435
褌褜屑械,2,褜,-,4435
褌褜屑械,3,屑,m',4435
褌褜屑械,4,械,e0,4435
褌褜屑褍,1,褌,t',3830
褌褜屑褍,2,褜,-,3830
褌褜屑褍,3,屑,m,3830
褌褜屑褍,4,褍,u0,3830
褌褜屑褘,1,褌,t',2721
褌褜屑褘,2,褜,-,2721
褌褜屑褘,3,屑,m,2721
褌褜屑褘,4,褘,y0,2721
褌褜褎褍,1,褌,t',3326
褌褜褎褍,2,褜,-,3326
褌褜褎褍,3,褎,f,3326
褌褜褎褍,4,褍,u0,3326
褍,1,褍,u0,1617548
褍卸,1,褍,u0,187175
褍卸,2,卸,sh,187175
褍屑,1,褍,u0,17941
褍屑,2,屑,m,17941
褍褋,1,褍,u0,1613
褍褋,2,褋,s,1613
褍褋褌,1,褍,u0,3024
褍褋褌,2,褋,s,3024
褍褋褌,3,褌,t,3024
褍褏,1,褍,u0,2923
褍褏,2,褏,h,2923
褎邪泻褌,1,褎,f,22880
褎邪泻褌,2,邪,a0,22880
褎邪泻褌,3,泻,k,22880
褎邪泻褌,4,褌,t,22880
褎懈谢褜屑,1,褎,f',16832
褎懈谢褜屑,2,懈,i0,16832
褎懈谢褜屑,3,谢,l',16832
褎懈谢褜屑,4,褜,-,16832
褎懈谢褜屑,5,屑,m,16832
褎懈褉屑,1,褎,f',2923
褎懈褉屑,2,懈,i0,2923
褎懈褉屑,3,褉,r,2923
褎懈褉屑,4,屑,m,2923
褎谢邪谐,1,褎,f,5242
褎谢邪谐,2,谢,l,5242
褎谢邪谐,3,邪,a0,5242
褎谢邪谐,4,谐,k,5242
褎谢芯褌,1,褎,f,7258
褎谢芯褌,2,谢,l,7258
褎谢芯褌,3,芯,o0,7258
褎谢芯褌,4,褌,t,7258
褎芯薪,1,褎,f,7560
褎芯薪,2,芯,o0,7560
褎芯薪,3,薪,n,7560
褎芯薪写,1,褎,f,6754
褎芯薪写,2,芯,o0,6754
褎芯薪写,3,薪,n,6754
褎芯薪写,4,写,t,6754
褎芯褉屑,1,褎,f,13204
褎芯褉屑,2,芯,o0,13204
褎芯褉屑,3,褉,r,13204
褎芯褉屑,4,屑,m,13204
褎褉邪蟹,1,褎,f,3629
褎褉邪蟹,2,褉,r,3629
褎褉邪蟹,3,邪,a0,3629
褎褉邪蟹,4,蟹,s,3629
褎褉邪薪褑,1,褎,f,1915
褎褉邪薪褑,2,褉,r,1915
褎褉邪薪褑,3,邪,a0,1915
褎褉邪薪褑,4,薪,n,1915
褎褉邪薪褑,5,褑,c,1915
褎褉芯薪褌,1,褎,f,11894
褎褉芯薪褌,2,褉,r,11894
褎褉芯薪褌,3,芯,o0,11894
褎褉芯薪褌,4,薪,n,11894
褎褉芯薪褌,5,褌,t,11894
褎褍,1,褎,f,3125
褎褍,2,褍,u0,3125
褏邪,1,褏,h,4637
褏邪,2,邪,a0,4637
褏邪薪,1,褏,h,2923
褏邪薪,2,邪,a0,2923
褏邪薪,3,薪,n,2923
褏胁芯褋褌,1,褏,h,8165
褏胁芯褋褌,2,胁,v,8165
褏胁芯褋褌,3,芯,o0,8165
褏胁芯褋褌,4,褋,s,8165
褏胁芯褋褌,5,褌,t,8165
褏谢械斜,1,褏,h,24997
褏谢械斜,2,谢,l',24997
褏谢械斜,3,械,e0,24997
褏谢械斜,4,斜,p,24997
褏芯写,1,褏,h,19050
褏芯写,2,芯,o0,19050
褏芯写,3,写,t,19050
褏芯褉,1,褏,h,4637
褏芯褉,2,芯,o0,4637
褏芯褉,3,褉,r,4637
褏芯褌褜,1,褏,h,109362
褏芯褌褜,2,芯,o0,109362
褏芯褌褜,3,褌,t',109362
褏芯褌褜,4,褜,-,109362
褏芯褕褜,1,褏,h,2016
褏芯褕褜,2,芯,o0,2016
褏芯褕褜,3,褕,sh,2016
褏芯褕褜,4,褜,-,2016
褏褉邪屑,1,褏,h,13507
褏褉邪屑,2,褉,r,13507
褏褉邪屑,3,邪,a0,13507
褏褉邪屑,4,屑,m,13507
褑邪褉褜,1,褑,c,29130
褑邪褉褜,2,邪,a0,29130
褑邪褉褜,3,褉,r',29130
褑邪褉褜,4,褜,-,29130
褑胁械褌,1,褑,c,14817
褑胁械褌,2,胁,v',14817
褑胁械褌,3,械,e0,14817
褑胁械褌,4,褌,t,14817
褑械谢褜,1,褑,c,24493
褑械谢褜,2,械,e0,24493
褑械谢褜,3,谢,l',24493
褑械谢褜,4,褜,-,24493
褑械薪,1,褑,c,6753
褑械薪,2,械,e0,6753
褑械薪,3,薪,n,6753
褑械薪褌褉,1,褑,c,16732
褑械薪褌褉,2,械,e0,16732
褑械薪褌褉,3,薪,n,16732
褑械薪褌褉,4,褌,t,16732
褑械薪褌褉,5,褉,r,16732
褑械锌褜,1,褑,c,8769
褑械锌褜,2,械,e0,8769
褑械锌褜,3,锌,p',8769
褑械锌褜,4,褜,-,8769
褑懈泻谢,1,褑,c,4032
褑懈泻谢,2,懈,y0,4032
褑懈泻谢,3,泻,k,4032
褑懈泻谢,4,谢,l,4032
褑懈褎褉,1,褑,c,3024
褑懈褎褉,2,懈,y0,3024
褑懈褎褉,3,褎,f,3024
褑懈褎褉,4,褉,r,3024
褔邪泄,1,褔,ch,34674
褔邪泄,2,邪,a0,34674
褔邪泄,3,泄,j,34674
褔邪褋,1,褔,ch,56546
褔邪褋,2,邪,a0,56546
褔邪褋,3,褋,s,56546
褔邪褋褌褜,1,褔,ch,96359
褔邪褋褌褜,2,邪,a0,96359
褔邪褋褌褜,3,褋,s',96359
褔邪褋褌褜,4,褌,t',96359
褔邪褋褌褜,5,褜,-,96359
褔械泄,1,褔,ch,4536
褔械泄,2,械,e0,4536
褔械泄,3,泄,j,4536
褔械屑,1,褔,ch,323046
褔械屑,2,械,e0,323046
褔械屑,3,屑,m,323046
褔械褉褌,1,褔,ch,3024
褔械褉褌,2,械,e0,3024
褔械褉褌,3,褉,r,3024
褔械褉褌,4,褌,t,3024
褔械褋褌褜,1,褔,ch,32153
褔械褋褌褜,2,械,e0,32153
褔械褋褌褜,3,褋,s',32153
褔械褋褌褜,4,褌,t',32153
褔械褋褌褜,5,褜,-,32153
褔懈薪,1,褔,ch,3831
褔懈薪,2,懈,i0,3831
褔懈薪,3,薪,n,3831
褔懈褋褌,1,褔,ch,2016
褔懈褋褌,2,懈,i0,2016
褔懈褋褌,3,褋,s,2016
褔懈褋褌,4,褌,t,2016
褔谢械薪,1,褔,ch,10583
褔谢械薪,2,谢,l',10583
褔谢械薪,3,械,e0,10583
褔谢械薪,4,薪,n,10583
褔褉械蟹,1,褔,ch,15321
褔褉械蟹,2,褉,r',15321
褔褉械蟹,3,械,e0,15321
褔褉械蟹,4,蟹,s,15321
褔褌芯,1,褔,ch,25804
褔褌芯,1,褔,sh,4462064
褔褌芯,2,褌,t,4487868
褔褌芯,3,芯,o0,4487868
褔褌芯斜,1,褔,sh,97267
褔褌芯斜,2,褌,t,97267
褔褌芯斜,3,芯,o0,97267
褔褌芯斜,4,斜,p,97267
褔褍胁褋褌胁,1,褔,ch,15220
褔褍胁褋褌胁,2,褍,u0,15220
褔褍胁褋褌胁,3,胁,-,15220
褔褍胁褋褌胁,4,褋,s,15220
褔褍胁褋褌胁,5,褌,t,15220
褔褍胁褋褌胁,6,胁,f,15220
褔褍褌褜,1,褔,ch,104020
褔褍褌褜,2,褍,u0,104020
褔褍褌褜,3,褌,t',104020
褔褍褌褜,4,褜,-,104020
褔褍褕褜,1,褔,ch,1613
褔褍褕褜,2,褍,u0,1613
褔褍褕褜,3,褕,sh,1613
褔褍褕褜,4,褜,-,1613
褔褜懈,1,褔,ch,5544
褔褜懈,2,褜,-,5544
褔褜懈,3,懈,ji0,5544
褔褜褟,1,褔,ch,4435
褔褜褟,2,褜,-,4435
褔褜褟,3,褟,ja0,4435
褔褜褢,1,褔,ch,2419
褔褜褢,2,褜,-,2419
褔褜褢,3,褢,jo0,2419
褔褢屑,1,褔,ch,90715
褔褢屑,2,褢,o0,90715
褔褢屑,3,屑,m,90715
褔褢褉褌,1,褔,ch,24493
褔褢褉褌,2,褢,o0,24493
褔褢褉褌,3,褉,r,24493
褔褢褉褌,4,褌,t,24493
褕邪谐,1,褕,sh,19050
褕邪谐,2,邪,a0,19050
褕邪谐,3,谐,k,19050
褕邪薪褋,1,褕,sh,3427
褕邪薪褋,2,邪,a0,3427
褕邪薪褋,3,薪,n,3427
褕邪薪褋,4,褋,s,3427
褕邪褉,1,褕,sh,5544
褕邪褉,2,邪,a0,5544
褕邪褉,3,褉,r,5544
褕邪褏,1,褕,sh,1613
褕邪褏,2,邪,a0,1613
褕邪褏,3,褏,h,1613
褕械褉褋褌褜,1,褕,sh,2217
褕械褉褋褌褜,2,械,e0,2217
褕械褉褋褌褜,3,褉,r,2217
褕械褉褋褌褜,4,褋,s',2217
褕械褉褋褌褜,5,褌,t',2217
褕械褉褋褌褜,6,褜,-,2217
褕械褋褌褜,1,褕,sh,35882
褕械褋褌褜,2,械,e0,35882
褕械褋褌褜,3,褋,s',35882
褕械褋褌褜,4,褌,t',35882
褕械褋褌褜,5,褜,-,35882
褕械褎,1,褕,sh,4233
褕械褎,2,械,e0,4233
褕械褎,3,褎,f,4233
褕泻邪褎,1,褕,sh,2419
褕泻邪褎,2,泻,k,2419
褕泻邪褎,3,邪,a0,2419
褕泻邪褎,4,褎,f,2419
褕泻芯谢,1,褕,sh,7560
褕泻芯谢,2,泻,k,7560
褕泻芯谢,3,芯,o0,7560
褕泻芯谢,4,谢,l,7560
褕谢邪,1,褕,sh,33766
褕谢邪,2,谢,l,33766
褕谢邪,3,邪,a0,33766
褕谢懈,1,褕,sh,38201
褕谢懈,2,谢,l',38201
褕谢懈,3,懈,i0,38201
褕谢芯,1,褕,sh,14212
褕谢芯,2,谢,l,14212
褕谢芯,3,芯,o0,14212
褕褌邪斜,1,褕,sh,7559
褕褌邪斜,2,褌,t,7559
褕褌邪斜,3,邪,a0,7559
褕褌邪斜,4,斜,p,7559
褕褌芯,1,褕,sh,3729
褕褌芯,2,褌,t,3729
褕褌芯,3,芯,o0,3729
褕褌芯褉屑,1,褕,sh,1814
褕褌芯褉屑,2,褌,t,1814
褕褌芯褉屑,3,芯,o0,1814
褕褌芯褉屑,4,褉,r,1814
褕褌芯褉屑,5,屑,m,1814
褕褌褍泻,1,褕,sh,6955
褕褌褍泻,2,褌,t,6955
褕褌褍泻,3,褍,u0,6955
褕褌褍泻,4,泻,k,6955
褕褍屑,1,褕,sh,19251
褕褍屑,2,褍,u0,19251
褕褍屑,3,屑,m,19251
褕褍褌,1,褕,sh,2520
褕褍褌,2,褍,u0,2520
褕褍褌,3,褌,t,2520
褕褢谢,1,褕,sh,54127
褕褢谢,2,褢,o0,54127
褕褢谢,3,谢,l,54127
褖械谢褜,1,褖,sc,3225
褖械谢褜,2,械,e0,3225
褖械谢褜,3,谢,l',3225
褖械谢褜,4,褜,-,3225
褝,1,褝,e0,7459
褝泄,1,褝,e0,10079
褝泄,2,泄,j,10079
褝褏,1,褝,e0,16732
褝褏,2,褏,h,16732
褞谐,1,褞,ju0,7660
褞谐,2,谐,k,7660
褟,1,褟,ja0,3209493
褟薪,1,褟,ja0,1814
褟薪,2,薪,n,1814
